book_id,title,read_count,component
3,"Harry Potter and the Sorcerer's Stone (Harry Potter, #1)",261292,1
16160797,"The Cuckoo's Calling (Cormoran Strike, #1)",25788,1
16304,"Murder on the Orient Express (Hercule Poirot, #10)",14254,1
68429,"The Well of Ascension (Mistborn, #2)",13503,1
9791,A Walk in the Woods,12948,1
26893819,The Girls,11291,1
5064,"World Without End (Kingsbridge, #2)",8513,1
24612118,Fates and Furies,7159,1
59960,"Batman: The Dark Knight Returns (The Dark Knight Saga, #1)",7142,1
92517,The Glass Menagerie,7104,1
13547180,Brain on Fire: My Month of Madness,7019,1
17020,"13 Little Blue Envelopes (Little Blue Envelope, #1)",6484,1
227865,"The Eternity Code (Artemis Fowl, #3)",6422,1
334643,"Abhorsen (Abhorsen, #3)",5856,1
9579634,"Prince of Thorns (The Broken Empire, #1)",5564,1
14384,A Hunger Like No Other (Immortals After Dark #2),4786,1
439173,Frindle,4137,1
11529868,The Orphan Master's Son,3706,1
17465515,The Story of a New Name (The Neapolitan Novels #2),3690,1
14740588,"Notorious Nineteen (Stephanie Plum, #19)",3034,1
13519397,"Throne of Glass (Throne of Glass, #1)",2911,1
188230,Crocodile on the Sandbank (Amelia Peabody #1),2827,1
77391,"Anne of Ingleside (Anne of Green Gables, #6)",2784,1
5345,The Innocent Man: Murder and Injustice in a Small Town,2698,1
112755,"The Dark Highlander (Highlander, #5)",2672,1
12643928,"Insurgent (Divergent, #2)",2326,1
6665671,Please Ignore Vera Dietz,2326,1
16076787,السنجة,2066,1
10890,Traveling Mercies: Some Thoughts on Faith,1972,1
12651,The Social Contract,1885,1
10429037,"Ruthless (Pretty Little Liars, #10)",1873,1
3975186,True Colors,1862,1
736131,The Valley of Fear,1790,1
13570,"Tsubasa: RESERVoir CHRoNiCLE, Vol. 01",1778,1
16114861,"Unbeautifully (Undeniable, #2)",1755,1
91989,"Black Powder War (Temeraire, #3)",1742,1
6405929,"I, Alex Cross (Alex Cross, #16)",1717,1
16033842,La Vérité sur l'affaire Harry Quebert,1627,1
6251012,UR,1510,1
11337912,"The Prisoner of Cell 25 (Michael Vey, #1)",1501,1
63032,2666,1444,1
12522507,"Hidden (Firelight, #3)",1441,1
11784281,"Take This Regret (Take This Regret, #1)",1383,1
18343413,"Falling Away (Fall Away, #3)",1362,1
18161265,How to Fall in Love,1343,1
887201,Faeries,1331,1
17166225,The Miracle Morning: The Not-So-Obvious Secret Guaranteed to Transform Your Life (Before 8AM),1322,1
12922320,"Criminal (Will Trent, #6)",1320,1
446,The Brooklyn Follies,1300,1
550720,The Night Watch,1266,1
785092,Secrets of the Millionaire Mind: Mastering the Inner Game of Wealth,1245,1
28507,"Serpent Mage (The Death Gate Cycle, #4)",1196,1
146274,Manhunt: The 12-Day Chase for Lincoln's Killer,1182,1
23714544,"Beautiful Burn (The Maddox Brothers, #4)",1178,1
16111679,Back to You,1076,1
1158706,"Strangers in Death (In Death, #26)",1065,1
730501,"What Katy Did (Carr Family, #1)",1057,1
125542,"Stay Out of the Basement  (Goosebumps, #2)",1045,1
15769788,"Rebel (Reboot, #2)",1014,1
755299,"Web of Dreams (Casteel, #5)",984,1
7058,"The Good Husband of Zebra Drive (No. 1 Ladies' Detective Agency, #8)",981,1
6353001,"Dark Slayer (Dark, #17)",966,1
22635858,The Bookseller,964,1
22749796,Dietland,956,1
15754052,"Roar and Liv (Under the Never Sky, #0.5)",936,1
5802140,The Story Sisters,924,1
197743,"Lady Sophia's Lover (Bow Street Runners, #2)",911,1
102954,"Preacher, Volume 7: Salvation",902,1
16071864,"Attack on Titan, Vol. 5 (Attack on Titan, #5)",880,1
17342189,"Unbroken (Beachwood Bay, #1)",875,1
12204857,Ghost Boy,820,1
8717323,Room,799,1
17893439,You Should Have Known,784,1
236056,There's a Boy in the Girls' Bathroom,780,1
12988089,"Rise of the Elgen (Michael Vey, #2)",773,1
4005310,Why Evolution Is True,765,1
64394,"The Stainless Steel Rat (Stainless Steel Rat, #4)",765,1
534289,The I Ching or Book of Changes,759,1
334227,Vidas Secas,751,1
17347383,"Harry Potter and the Prisoner of Azkaban (Harry Potter, #3)",746,1
13026408,"A Taste of Midnight (Midnight Breed, #9.5)",737,1
562212,Sostiene Pereira,718,1
63832,Blue Highways,705,1
867387,"The Blessing Way (Leaphorn & Chee, #1)",695,1
18665033,"The Gospel of Loki (Runemarks, #0.5)",690,1
12987986,The Raft,683,1
15837724,Honeymoon in Paris,663,1
543103,"Generation Kill: Devil Dogs, Iceman, Captain America, and the New Face of American War",658,1
18248422,"People I Want to Punch in the Throat: Competitive Crafters, Drop-Off Despots, and Other Suburban Scourges",658,1
2177563,Madness: A Bipolar Life,655,1
6973772,A Tailor-Made Bride,643,1
674749,The Ordinary Princess,638,1
4418395,"WWW: Wake (WWW, #1)",628,1
15803173,Golden Boy,627,1
17976745,"Seize Me (Breakneck, #1)",625,1
30363088,The Keeper of Lost Things,596,1
18375518,"Maybe This Time (Maybe, #1)",596,1
17454091,"Strings (Hard Rock Harlots, #1)",595,1
176843,"The Outstretched Shadow (Obsidian Mountain, #1)",592,1
119730,Without Conscience: The Disturbing World of the Psychopaths Among Us,591,1
17284874,"Bold Tricks (The Artists Trilogy, #3)",584,1
18222556,A Snicker of Magic,568,1
16005363,"Moon (New Species, #10)",567,1
1032,Trump: The Art of the Deal,564,1
185293,"Skybowl (Dragon Star, #3)",558,1
17612258,"Undeclared (Woodlands, #1)",557,1
16090231,"One Night with a Hero (The Hero, #2)",556,1
11162228,"The Kingdom (Graveyard Queen, #2)",553,1
13489922,"The Heiress Effect (Brothers Sinister, #2)",550,1
551520,The Wisdom of Insecurity: A Message for an Age of Anxiety,546,1
5081331,I Know Why the Caged Bird Sings,539,1
6781183,Take a Chance on Me,538,1
22609307,"The Accidental Empress (Sisi, #1)",527,1
7286699,The Thing Beneath the Bed (The Adventures of the Princess and Mr. Whiffle #1),527,1
6609203,The Hound of the Baskervilles,525,1
11737276,"Believing the Lie (Inspector Lynley, #17)",518,1
32620349,Midnight at the Bright Ideas Bookstore,509,1
3978,A Winter Haunting,507,1
2054504,The Outcast,504,1
15798757,Maggot Moon,500,1
13411699,"Shades of Gray (KGI, #6)",499,1
22920967,زنزانة: عادة مدى الحياة,498,1
114135,Genuine Lies,490,1
18241166,"Cage (Corps Security, #2)",482,1
6452806,True Compass: A Memoir,479,1
6464859,Taal is zeg maar echt mijn ding,473,1
13129810,"The 4-Hour Chef: The Simple Path to Cooking Like a Pro, Learning Anything, and Living the Good Life",470,1
16007911,"Born (Born, #1)",469,1
15810336,"Wide Awake (Wide Awake, #1)",467,1
815091,Galaxy in Flames,465,1
13092811,Double Dare,465,1
17234765,Human Remains,447,1
65474,Love's Unending Legacy (Love Comes Softly #5),446,1
11796251,"Cinnamon Roll Murder (Hannah Swensen, #15)",444,1
1645513,Di Bawah Lindungan Ka'bah,443,1
16004926,"Scare Crow (Crow's Row, #2)",436,1
3400019,Dieci piccoli indiani,435,1
232268,"The Locket (The Locket, #1)",434,1
1868155,تنهایی پرهیاهو,429,1
18143974,The Blazing World,429,1
16271,The Intuitionist,422,1
8251464,"Speaker for the Dead (Ender's Saga, #2)",419,1
114154,"The MacGregors: Robert & Cybil (The MacGregors #7, #9)",417,1
18667906,Goodnight June,417,1
205650,"Fleshmarket Close (Inspector Rebus, #15)",410,1
1797248,If I Did It: Confessions of the Killer,410,1
5945209,"Malice (New Orleans, #6)",409,1
60049,Seda,406,1
12187771,Trafficked: The Terrifying True Story of a British Girl Forced into the Sex Trade,402,1
13587130,Consider the Fork: A History of How We Cook and Eat,401,1
6005007,أسطورة بو,397,1
31309440,"Crow (Boston Underworld, #1)",397,1
185897,How Doctors Think,397,1
25314522,"Sueños de piedra (Marabilia, #1)",395,1
18186807,The One Plus One,390,1
187753,"Inside the Shadow City (Kiki Strike,#1)",386,1
33028674,"Crown of Lies (Truth and Lies Duet, #1)",383,1
13259987,Creepy Carrots!,381,1
23236738,"Veiled (Alex Verus, #6)",376,1
16029144,"The Outlander Series (Outlander, #1-7)",374,1
18759474,Coming Home,364,1
13211,And Still I Rise,362,1
17339241,"Perfect Ruin (The Internment Chronicles, #1)",360,1
44234,The Civil War: A Narrative,356,1
71301,"Obelix and Co. (Asterix, #23)",349,1
22916766,A Revolução dos Bichos,348,1
2191066,"Lost Souls (New Orleans, #5)",345,1
18656044,The Girl With All the Gifts,343,1
12637477,"Spellcaster (Spellbound, #2)",343,1
4440869,فقه السنة,338,1
69930,Small World,337,1
592191,Birdy,329,1
17161789,"Chilled (Bone Secrets, #2)",328,1
181462,Abide With Me,326,1
14781201,"I Funny: A Middle School Story (I Funny, #1)",323,1
4703905,"Would-Be Witch (Southern Witch, #1)",322,1
506094,Sheltering Rain,320,1
173325,When God Whispers Your Name,318,1
181437,"The Prophecy (Daughters of the Moon, #11)",318,1
6051722,المتحف الأسود,315,1
81075,Alphabet of Thorn,314,1
6740418,Arcadia Falls,314,1
5092,Dark Towers Boxed Set,311,1
819910,The Incredible Book Eating Boy,309,1
3568572,"Highland Warrior (Campbell Trilogy, #1)",305,1
13547080,The Runaway Princess,305,1
10638,The Road to Reality: A Complete Guide to the Laws of the Universe,295,1
57261,"1633 (Assiti Shards, #2)",295,1
289627,"A Hustler's Wife (A Hustler's Wife, #1)",294,1
110688,"Crystal Gorge (The Dreamers, #3)",294,1
1487823,"La Corda d'Oro, Volume 1",294,1
2676229,"Flesh House (Logan McRae, #4)",292,1
322616,"Simple Gifts: Just Curious / Miracles / Change of Heart / Double Exposure (Westmoreland, #3.5)",286,1
18616071,The Bird Eater,286,1
6380220,Ex-mas,282,1
11823873,"Full Blooded (Jessica McClain, #1)",281,1
6997364,The Girl with the Pearl Earring,281,1
7306261,"Take Four (Above the Line, #4)",279,1
13573425,May Cause Miracles: A 40-Day Guidebook of Subtle Shifts for Radical Change and Unlimited Happiness,273,1
17832488,"Tell Me (One Night with Sole Regret, #6)",273,1
12063158,"Witch & Wizard (Witch & Wizard, #1)",270,1
17852664,"Off the Record (Off, #3)",269,1
1151552,"Specials (Uglies, #3)",269,1
7967279,Outliers: The Story of Success,265,1
30177628,The Fix Up,265,1
478,Bowling Alone: The Collapse and Revival of American Community,263,1
209009,1-2-3 Magic: Effective Discipline for Children 2-12,263,1
123452,The Secret Supper,259,1
22843247,"The Prince (The Florentine, #0.5)",259,1
7780,The Secret Art of Dr. Seuss,258,1
14647,"Sons (House of Earth, #2)",257,1
13599291,"Dance of the Red Death (Masque of the Red Death, #2)",254,1
23183,The Book of Questions,251,1
1451795,The Brotherhood of the Holy Shroud,250,1
135433,"A Sending of Dragons (Pit Dragon Chronicles, #3)",249,1
11237007,"Glamorous Illusions (Grand Tour, #1)",248,1
12314034,"Gamble on Engagement (McMaster the Disaster, #2)",247,1
18893988,"Adore Me (The Keatyn Chronicles, #4.5)",246,1
22470,"The Origin of Satan: How Christians Demonized Jews, Pagans and Heretics",245,1
13542832,"Tarnished Knight (The Lost Stars, #1)",244,1
2871364,"The Darker Side (Smoky Barrett, #3)",242,1
15597,Monique and the Mango Rains: Two Years with a Midwife in Mali,241,1
12363978,"Darkness Devours (Dark Angels, #3)",239,1
804414,"Rises The Night (The Gardella Vampire Hunters, #2)",236,1
124776,"Chicken Soup for the Teenage Soul III: More Stories of Life, Love and Learning",236,1
18192663,"Knight & Day (Knight, #3)",236,1
18735913,"The Selection Series 0.5, 1-2 Box Set (The Selection, #0.5, 1-2)",234,1
17287021,The Simpsons and Their Mathematical Secrets,233,1
7688897,Legacy,233,1
18721778,Neverwhere,232,1
324377,"Saffy's Angel (Casson Family, #1)",231,1
33916061,We Were Eight Years in Power: An American Tragedy,231,1
1414451,The Turtle Boy (Timmy Quinn #1),231,1
17671972,"Suicide Squad, Volume 3: Death is for Suckers",231,1
20721959,Desert God (Ancient Egypt #5),226,1
176690,"The Sleepwalker (Fear Street, #6)",223,1
11981747,The Lucky One,223,1
17910546,The Wit & Wisdom of Tyrion Lannister,223,1
649796,Blood Games,222,1
7965909,"Letters to Juliet: Celebrating Shakespeare's Greatest Heroine, the Magical City of Verona, and the Power of Love",221,1
34266,It's All Too Much: An Easy Plan for Living a Richer Life with Less Stuff,220,1
8130608,"Lord of Chaos (Wheel of Time, #6)",218,1
13142835,The Stockholm Octavo,218,1
13446655,"Cat Daddy: What the World's Most Incorrigible Cat Taught Me About Life, Love, and Coming Clean",216,1
16059656,The Property,214,1
25817389,The Everything Box (Another Coop Heist #1),214,1
1414,The Riverside Shakespeare,214,1
71651,"One Night for Love (Bedwyn Prequels, #1)",213,1
80339,The Soul of Man Under Socialism,210,1
6266785,"Misery Loves Cabernet (Charlize Edwards, #2)",209,1
18775360,The Summer Wind (Lowcountry Summer #2),209,1
11848081,"Sister Queens: The Noble, Tragic Lives of Katherine of Aragon and Juana, Queen of Castile",208,1
71148,The Cheese and the Worms: The Cosmos of a Sixteenth-Century Miller,208,1
17368270,"The Superior Spider-Man, Vol. 1: My Own Worst Enemy",206,1
1128665,Opening Up: A Guide to Creating and Sustaining Open Relationships,203,1
825546,The Trumpeter of Krakow,203,1
875644,The Great Railroad Race: the Diary of Libby West,203,1
1549876,Nikmatnya Pacaran Setelah Pernikahan,202,1
2954426,Harry Potter en de Geheime Kamer (Harry Potter #2),202,1
14031401,"Haunted on Bourbon Street (Jade Calhoun, #1)",201,1
555421,"Cowboy Bebop, Vol. 1",199,1
20176282,Lost in Translation: An Illustrated Compendium of Untranslatable Words from Around the World,199,1
21857198,"The Lore of the Evermen (Evermen Saga, #4)",198,1
828990,"Little Clearing in the Woods (Little House: The Caroline Years, #3)",198,1
13637167,Evolution (Evolution #1),197,1
17726340,Northanger Abbey,196,1
21017847,I am Malala: The Girl Who Stood Up for Education and Was Shot by the Taliban,195,1
6678974,"Iorich (Vlad Taltos, #12)",195,1
3212912,The Sacred Book of the Werewolf,195,1
1339025,"Away with the Fairies (Phryne Fisher, #11)",195,1
75402,The Fifties,195,1
497121,Memoirs Found in a Bathtub,195,1
26158233,"Aideen (Slater Brothers, #3.5)",194,1
66321,Finding Flow: The Psychology of Engagement with Everyday Life,193,1
1054003,A Walk to Remember,192,1
313276,The Bell Jar,191,1
23281815,Leviathan (The Lost Fleet: Beyond the Frontier #5),191,1
24585402,Happily Ever After,191,1
28221009,The Invisible Life of Ivan Isaenko,191,1
187648,"Worst Fears Realized (Stone Barrington, #5)",190,1
406464,The Search For Significance: Seeing Your True Worth Through God's Eyes,189,1
7623711,"The Day of the Dead (Cassandra Palmer, #3.1)",188,1
8277486,"A Werewolf in Manhattan (Wild About You, #1)",187,1
29414954,The Girl with the Lower Back Tattoo,186,1
103180,"Against Our Will: Men, Women and Rape",186,1
6484927,"Inside the Kingdom: Kings, Clerics, Modernists, Terrorists and the Struggle for Saudi Arabia",186,1
27258517,"Dirty Sexy Saint (Dirty Sexy, #1)",186,1
59661,Shah of Shahs,185,1
16123315,Không Gia Đình,185,1
6696420,In a Heartbeat,183,1
24470460,"The Dark Ones (The Dark Ones Saga, #1)",183,1
176794,Sun in Glory and Other Tales of Valdemar (Tales of Valdemar #2),181,1
6740548,"If I Stay (If I Stay, #1)",180,1
12860772,Summer of the Gypsy Moths,180,1
5181521,الأذكياء,179,1
380919,Nausea,179,1
228456,Name All the Animals: A Memoir,179,1
30379,Seduction by Design,179,1
13136388,Oppa & I,179,1
25402163,"Mr Mercedes (Bill Hodges Trilogy, #1)",178,1
15853906,"Ever After (The Hollows, #11)",178,1
181239,Metamagical Themas: Questing for the Essence of Mind and Pattern,178,1
18375252,Au revoir là-haut,177,1
1670611,Three Days Cinderella,175,1
14743097,الجهل,175,1
13760,The Trees,174,1
22839547,Fangirl,173,1
8527,The Edge,172,1
11375634,"Maid for Love (Gansett Island Series, #1)",171,1
76776,Dandelion Wine,171,1
111099,Almost a Woman,171,1
15706711,"Leopard's Prey (Leopard People, #6)",171,1
171257,Undoing Gender,171,1
18480081,Love and Other Theories,171,1
1726628,"Die Elfen (Die Elfen, #1)",170,1
11483834,"Katie's Hellion (Rhyn Trilogy, #1)",169,1
50614,Citizen Vince,169,1
13482575,Severed,169,1
765093,Treason's Harbour,168,1
10220557,"Likeable Social Media: How to Delight Your Customers, Create an Irresistible Brand, and Be Generally Amazing on Facebook",168,1
28575699,A Tragic Kind of Wonderful,167,1
452208,1001 Books You Must Read Before You Die,166,1
1296444,Mainspring (Clockwork Earth #1),166,1
9519719,"Wicked in Your Arms (Forgotten Princesses, #1)",165,1
13609888,The Taliban Cricket Club,164,1
124750,Chicken Soup for the Teenage Soul on Love and Friendship (Chicken Soup for the Soul,162,1
18461247,"Fearsome (Fearsome, #1)",162,1
13639669,"Summerset Abbey (Summerset Abbey, #1)",162,1
20624305,"The Art of Breathing (Bear, Otter, and the Kid, #3)",161,1
1248939,Für immer vielleicht,161,1
80939,When the Sleeper Wakes,158,1
9211153,"Dangerous in Diamonds (The Rarest Blooms, #4)",158,1
467505,"Piece of My Heart (Inspector Banks, #16)",158,1
17899438,Young Money: Inside the Hidden World of Wall Street's Post-Crash Recruits,158,1
2771369,"Harry Potter dan Relikui Kematian (Harry Potter, #7)",158,1
9145079,Here We Go Again: My Life In Television,158,1
1392593,"Angels & Demons - Malaikat dan Iblis (Robert Langdon, #1)",158,1
11193959,"Forbidden (The World of Nightwalkers, #1)",158,1
10900272,Southern Gods,158,1
1248692,"Confessions of a Triple Shot Betty (Triple Shot Bettys, #1)",157,1
223620,Der Verdacht,157,1
25712281,"Nobody But You (Cedar Ridge, #3)",157,1
6397953,The Adderall Diaries,155,1
14889822,The Perfect Marriage,155,1
26852117,"Diary of an AssCan: A Mark Watney Short Story (The Martian, #0.5)",154,1
126258,The United States of Arugula: How We Became a Gourmet Nation,154,1
2141384,"Los días del venado (La saga de los confines, #1)",153,1
22599303,"The Mountains Rise (Embers of Illeniel, #1)",153,1
22313627,"Words of Radiance (The Stormlight Archive, #2)",152,1
111101,Bliss,152,1
11769020,The Inquisitor's Key (Body Farm #7),152,1
12741622,Възвишение,152,1
28477453,A Court of Mist and Fury,151,1
13594586,"The Giver (The Giver, #1)",151,1
12937106,"The Reverend's Wife (Reverend Curtis Black, #9)",151,1
33120273,Life of Pi,150,1
11574568,Jocelyn's Choice,150,1
132770,"A Mighty Heart: The Brave Life and Death of My Husband, Danny Pearl",150,1
17333255,Johnny Cash: The Life,149,1
17623910,Catching Fire: The Official Illustrated Movie Companion,149,1
18938929,The Bollywood Bride,149,1
1312007,"Die Wanderhure (Die Wanderhure, #1)",149,1
13570651,"Bared to You (Crossfire, #1)",147,1
13581917,The Last Bastion of the Living,146,1
17225270,"Jordyn (A Daemon Hunter, #1)",146,1
267102,Framley Parsonage (Chronicles of Barsetshire #4),145,1
18041982,Longbourn,145,1
258098,Killing Time,144,1
7326799,"Nana, Vol. 21 (Nana, #21)",144,1
56817,El padrino,144,1
17876162,"Relentless Pursuit (Bluegrass Brothers, #4)",144,1
41126,Antarctica,143,1
34740931,Plus One,143,1
490705,Les Miserables: Sheet Music,143,1
7551580,Android Karenina,143,1
17788104,الفيل الأزرق,143,1
248997,"Never Again Once More (Soulmates Dissipate, #2)",141,1
9076475,Theories of International Politics and Zombies,141,1
14967,A Trip to the Stars,141,1
10780909,Doktor Glas,140,1
18303925,"Natural Consequences (Good Intentions, #2)",139,1
955942,"The River of Adventure (Adventure, #8)",138,1
13183545,"Kamisama Kiss, Vol. 9",138,1
8272991,"Accidentally Catty (Accidentals, #5)",137,1
186182,Kull: Exile of Atlantis,137,1
200545,"Lord of the Vampires (The Diaries of the Family Dracul, #3)",136,1
15818555,"The Patron Saint of Lost Dogs (Cyrus Mills, #1)",136,1
30151343,The Mistletoe Murder: And Other Stories,135,1
10951002,The Annotated Peter Pan,135,1
18070787,Night Film,135,1
24156621,"Fall (Gentry Boys, #4)",135,1
1588597,The Last Man in the World,134,1
5961342,Eternal Craving (Gods of the Night #2),133,1
17934336,مختصر تاريخ العالم,132,1
27206507,26 Kisses,132,1
25810365,"Mastering Your Mean Girl: The No-BS Guide to Silencing Your Inner Critic and Becoming Wildly Wealthy, Fabulously Healthy, and Bursting with Love",132,1
378724,"Crossover (Cassandra Kresnov, #1)",131,1
447166,Grumpy Bird,130,1
23258004,"Hold Me (Fool's Gold, #16)",130,1
21464412,"Engaging the Boss (Heirs of Damon, #3)",130,1
28088259,"Outtakes from the Grave (Night Huntress, #7.5)",130,1
319498,"Christmas After All: The Great Depression Diary of Minnie Swift, Indianapolis, Indiana, 1932",130,1
760658,The French Lieutenant's Woman,130,1
118829,Watchman,130,1
13411766,Beautiful Mistake,129,1
8907,The War of the World: Twentieth-Century Conflict and the Descent of the West,129,1
6004660,The Way Home,128,1
4937206,Health at Every Size: The Surprising Truth About Your Weight,127,1
18743339,"Harbour Street (Vera Stanhope, #6)",127,1
17154735,"Shadows of Pearl (Pearl, #2)",127,1
4943352,Welcome to Serenity (The Sweet Magnolias #4),126,1
15775601,"Zero Point (Owner Trilogy, #2)",126,1
13456414,A Short Stay in Hell,126,1
882258,Night's Master  (Tales from the Flat Earth #1),125,1
16009141,Private: Oz (Private #7),125,1
2616221,Shoot the Damn Dog: A Memoir of Depression,124,1
16129334,"The Dying Hours (Tom Thorne, #11)",124,1
2181460,An Old-fashioned Romance,123,1
284775,The Remarkable Life and Times of Eliza Rose,123,1
15894007,"The Golden Lily (Bloodlines, #2)",122,1
1198715,"Case Closed, Vol. 6",122,1
11345770,Llama Llama Home with Mama,121,1
17802151,"The Keepers (Alchemy, #1)",121,1
1577457,The Patient,121,1
253197,How to Win at College: Surprising Secrets for Success from the Country's Top Students,120,1
1901061,"Eurico, o presbítero",120,1
21900884,Station Eleven,120,1
17213143,"Pieces of Lies (Pieces of Lies, #1)",120,1
11057283,The Snowman,119,1
24483322,La Bibliothèque des cœurs cabossés,119,1
1524034,Digital Fortress - Benteng Digital,119,1
13542677,"What Happens At Christmas (Millworth Manor, #1)",118,1
2881228,"The Quilter's Kitchen (Elm Creek Quilts, #13)",117,1
276463,"X-Men: Age of Apocalypse – The Complete Epic, Book 2",116,1
30182619,"Vein Of Love (Blackest Gold, #1)",115,1
20706297,"Love, Rosie",115,1
5127109,"Frostbite (Cheyenne Clark, #1)",114,1
25489162,Alice & Oliver,113,1
233747,"Dawn's Wicked Stepsister (The Baby-Sitters Club, #31)",112,1
26114310,Look,112,1
224529,"Earth, Air, Fire and Custard (J. W. Wells & Co., #3)",112,1
22845375,"NARUTO -ナルト- 70 (Naruto, #70)",111,1
600625,Life in a Medieval Village,111,1
33519394,The Butterfly Project,111,1
1250814,Hope and Other Dangerous Pursuits,110,1
173646,The Hardcore Diaries,110,1
12559,When Madeline Was Young,110,1
15802120,Double Feature,110,1
18139866,Ngồi khóc trên cây,110,1
2975870,"Diary of a Wimpy Kid (Diary of a Wimpy Kid, #1)",108,1
25614824,A House of My Own: Stories from My Life,108,1
7897065,"Elizabeth's Women: Friends, Rivals, and Foes Who Shaped the Virgin Queen",108,1
24979,Miracle and Other Christmas Stories,107,1
19434017,"Eats, Shoots and Leaves: 2007 Calendar",107,1
17410555,Lexicon,106,1
11331425,The Fallback Plan,106,1
230066,The Wasp Factory,106,1
10826275,"フェアリーテイル 22 [Fearī Teiru 22] (Fairy Tail, #22)",105,1
31373789,Breath of Fire (Kingmaker Chronicles #2),105,1
18744733,"How the Scoundrel Seduces (The Duke's Men, #3)",105,1
22536793,The Illuminations,104,1
17860486,"To Be with You (Sunset, #1)",104,1
17758202,"Big Girls Do It Pregnant (Big Girls Do It, #10)",103,1
27235365,When We Collided,103,1
258178,"A Darkness at Sethanon (The Riftwar Saga, #4)",102,1
18667312,"Of Silk and Steam (London Steampunk, #5)",101,1
16075538,Victus,100,1
18079667,The Wahls Protocol: How I Beat Progressive MS Using Paleo Principles and Functional Medicine,100,1
13526229,Doctor Strange: Season One,100,1
21965079,"Thirteen Days in September: Carter, Begin, and Sadat at Camp David",99,1
572522,"A Secret Atlas (The Age of Discovery, #1)",99,1
13613278,Hujan Punya Cerita tentang Kita,99,1
1620977,"Isle of Swords (Isle of Swords, #1)",99,1
16160831,The Misbegotten,99,1
782319,Hitler and Stalin: Parallel Lives,98,1
12139342,"Archon (The Books of Raziel, #1)",98,1
29519508,"Sweet Obsession (Sweet Addiction, #3)",98,1
15854426,暁のヨナ 8 [Akatsuki no Yona 8],98,1
21945638,How We Deal with Gravity,97,1
25521906,"Fantasy of Fire (The Tainted Accords, #3)",97,1
11230004,"Hit List (Anita Blake, Vampire Hunter, #20)",97,1
13260260,The Monster Hunters (Monster Hunter International #1-3),97,1
13595635,Summer and Bird,96,1
676041,The Dreaming: Beyond the Shores of Night,96,1
17586462,See Jane Run,96,1
13356032,What Teachers Make: In Praise of the Greatest Job in the World,95,1
13104221,Görme Biçimleri,94,1
73032,"The Accusers (Marcus Didius Falco, #15)",94,1
15848697,মানবজমিন,94,1
18752727,52 Steps To Murder (Dekker Cozy Mystery #1),94,1
17404851,"Translation of Love (Of Love, #1)",94,1
528364,"Against the Tide (The Council Wars, #3)",93,1
919492,"The Canary Caper (A to Z Mysteries, #3)",93,1
15992684,نبوءات الجائعين,93,1
20519003,"Hawk (Vlad Taltos, #14)",93,1
5221577,"Destiny of the Wolf (Heart of the Wolf, #2)",93,1
64421,Stiff: The Curious Lives of Human Cadavers,93,1
17884045,The Planetary Omnibus,93,1
17188359,Hellifax (Mountain Man #3),93,1
1232142,"Ariana: A Gift Most Precious (Ariana, #2)",93,1
116325,"More Book Lust: Recommended Reading for Every Mood, Moment, and Reason",93,1
17792271,"State of Nature (Park Service Trilogy, #3)",92,1
25987144,"The Last Good Girl (Anna Curtis, #5)",91,1
105556,The King's Stilts,91,1
13633862,Sempurna,90,1
760566,Julius Caesar,90,1
655515,"Chibi Vampire, Vol. 06",90,1
24611966,The Song of Hartgrove Hall,90,1
15812377,"The Hope of Spring (Discovery, #3)",90,1
15805555,Wreck This Journal,89,1
16176614,"Lone Wolf (Shifters Unbound, #4.6)",89,1
4045950,Blonde Roots,89,1
797079,Dragonsong (Pern: Harper Hall #1),89,1
23995433,Andy Warhol was a Hoarder: Inside the Minds of History's Great Personalities,89,1
18594392,One Past Midnight,89,1
140146,Cowboy Feng's Space Bar and Grille,89,1
18658071,I Am Her Revenge,89,1
17218049,Addicted,89,1
297551,The Essential Jung: Selected Writings,88,1
1150373,Gabriel's Bride,88,1
6609588,"Morning's Refrain (Song of Alaska, #2)",88,1
28936134,The Award,88,1
16004762,"The Champion (Racing on the Edge, #4)",88,1
17290243,"Unhinged (Splintered, #2)",88,1
10813736,"A Life of Joy (Kauffman Amish Bakery, #4)",87,1
10705771,دور الصدفة والغباء في تغيير مجرى التاريخ,87,1
21991165,"Teen Titans: Earth One, Volume 1",87,1
9370766,"Memento Nora (Memento Nora, #1)",87,1
19974208,"Perfectly Flawed (Flawed, #1)",86,1
125036,Q's Legacy: A Delightful Account of a Lifelong Love Affair with Books,86,1
11359684,Seeing Cinderella,86,1
2750208,تراجم سيدات بيت النبوة,85,1
6590520,"Goldenseal (Garoul, #1)",85,1
23612823,"With a Twist (Last Call, #4)",84,1
17612618,"Just One Year (Just One Day, #2)",84,1
18332292,Infatuated,84,1
202859,The Photograph as Contemporary Art,83,1
51090,Crazy Cock,83,1
26409580,"The Swan Riders (Prisoners of Peace, #2)",83,1
22522041,"White Plague (Joe Rush, #1)",83,1
24457496,"Breaking a Legend (Kavanagh Legends, #1)",82,1
17162754,With This Kiss: Part Two,81,1
26879403,Lautan Langit: Kumpulan Cerita,81,1
12440595,Selection Event,81,1
59955,"Deadly Gamble (Mojo, #1)",81,1
17981275,"Love and War (The Prada Plan, #4)",81,1
12735370,Judgement in Death (In Death #11),81,1
1041041,"The People That Time Forgot (Caspak, #2)",80,1
7804178,"Arcane Circle (Persephone Alcmedi, #4)",80,1
11394846,"Sadie Walker is Stranded (Zombie, #2)",80,1
151930,Another World,80,1
25398263,"Marcus (Hell Squad, #1)",79,1
208267,"The Golden Apple (Illuminatus, #2)",79,1
1814850,مدرسه نيکولا کوچولو,79,1
847365,"The Wife Trap (The Trap Trilogy, #2)",79,1
25074266,The Feminist Utopia Project: Fifty-Seven Visions of a Wildly Better Future,79,1
13261336,"Against the Sun (The Raines of Wind Canyon, #6)",79,1
21871765,Muchachas Tome 2,78,1
17236944,"Picturing Perfect (Love of My Life, #3)",78,1
18144048,I Forgot to Remember: A Memoir of Amnesia,78,1
3929940,"Invincible: Ultimate Collection, Vol. 4",77,1
18209319,"Hopeless. Tocando el cielo (Hopeless, #1)",77,1
6407303,"Hana to Akuma, Vol. 02",77,1
21461089,暁のヨナ 13 [Akatsuki no Yona 13],77,1
17884655,Don't Bite the Bridesmaid (Sons of Kane #1),77,1
197421,"What a Gentleman Wants (Reece Family Trilogy, #1)",77,1
15701608,The Ruby Brooch (Celtic Brooch #1),77,1
6706748,The Death of Ivan Ilyich and Other Stories,76,1
3150208,My Dearest Holmes,76,1
15743468,"Night Vision (Indigo Court, #4)",76,1
17278517,"House Rules (Chicagoland Vampires, #7)",76,1
15784300,Woke Up Lonely,75,1
20527424,"Labirent: Ölümcül Kaçış (Maze Runner, #1)",74,1
32713,Stephen King: The Art of Darkness,74,1
2056957,Fool's Bargain,74,1
13330433,"The Democracy Project: A History, a Crisis, a Movement",74,1
12974788,Starring Me,74,1
238367,The Sleepwalkers,73,1
22488032,The Edge of the World: A Cultural History of the North Sea and the Transformation of Europe,73,1
303215,"Dance of Seduction (Swanlea Spinsters, #4)",73,1
15726997,"Darkest Fear (Birthright, #1)",73,1
20958715,"Rescued by the Buccaneer (Pirates of the Jolie Rouge Trilogy, #1)",72,1
188086,Stories,72,1
11374268,"Best Friends, Occasional Enemies: The Lighter Side of Life as a Mother and Daughter",72,1
10693147,"Kezdet (A Szent Johanna Gimi, #1)",72,1
189200,Strange Days: My Life With and Without Jim Morrison,72,1
11755978,"Fated (The Bloodstone Saga, #2)",72,1
8906195,"Darcy and Fitzwilliam: A Tale of a Gentleman and an Officer (Darcy and Fitzwilliam, #1)",72,1
16059428,"Replica (Replica, #1)",72,1
21968646,The Hidden Girl,71,1
463078,"Chicks in Chainmail (Chicks in Chainmail, #1)",71,1
54383,The First Rumpole Omnibus,71,1
635222,War and Peace,71,1
32884548,"Raging Heart On (Lucas Brothers, #2)",70,1
1199073,Au Pair,70,1
18857175,The Arabian Nights Entertainments,70,1
18918883,"Harbinger (Fate's Forsaken, #1)",70,1
10316519,"Raine on Me (Riding the Raines, #2)",70,1
62072,40 Days to Personal Revolution: 40 Days to Personal Revolution,70,1
267349,"The Rock Rats (The Grand Tour, #10; The Asteroid Wars, #2)",70,1
13607965,Band of Sisters,70,1
18110875,"Thrilling Heaven (Room 103, #2)",70,1
18367039,"Price of a Kiss (Forbidden Men, #1)",70,1
17235894,"The Change (Unbounded, #1)",70,1
339730,Elliott Smith and the Big Nothing,69,1
80780,"The Perfect Summer: England 1911, Just Before the Storm",69,1
1991184,Superpowers,69,1
30804905,Police at the Station and They Don't Look Friendly (Detective Sean Duffy #6),69,1
17837783,Beautiful Player (Beautiful Bastard #3),69,1
17190382,"All Is Fair (The Split Worlds, #3)",68,1
411774,"Waylander II: In the Realm of the Wolf (Drenai Tales, #5)",68,1
221240,"Justice League of America, Vol. 1: The Tornado's Path",68,1
16120943,Live by Night,68,1
4144245,"A Stone Creek Christmas (Stone Creek, #4)",68,1
18619505,"Tuesday's Child (Psychic Visions, #1)",68,1
17679022,"Traitor (Impossible, #1.2)",68,1
18519534,The Good Lord Bird,67,1
234318,"The Sibyl in Her Grave (Hilary Tamar, #4)",67,1
177139,"Integral Psychology: Consciousness, Spirit, Psychology, Therapy",67,1
7598960,Switch: How to Change Things When Change Is Hard,67,1
12801656,The Light is the Darkness,67,1
24866476,Elixirul dragostei,67,1
22782322,Boys Like You,67,1
22543542,"Discern (Mosaic Chronicles, #1)",66,1
17569218,Marginalia,66,1
155811,Mary & The Wrongs of Woman (2 in 1),66,1
25631421,"The End of Liberty (War Eternal, #2)",66,1
977527,The Mousehole Cat,66,1
12015495,"Kyla's Revenge (Bankroll Squad, #2)",66,1
28936463,"More, Please (Please, #3)",65,1
14741940,আদর্শ হিন্দু হোটেল,65,1
17345196,Giada's Feel Good Food: My Healthy Recipes and Secrets,65,1
450449,"The Mountain's Call (White Magic, #1)",65,1
15810689,"Trading Paint (Racing on the Edge, #3)",65,1
15984415,"Obsession (Faces of Evil, #1)",65,1
17375471,"Courted (How Not to be Seduced by Billionaires, #2)",65,1
3652200,رنج‌های ورتر جوان,64,1
637578,"The Radiant Seas (Saga of the Skolian Empire, #4)",64,1
70376,Beauty Tips from Moose Jaw: Travels in Search of Canada,64,1
27163014,"Spider-Woman: Shifting Gears, Volume 1: Baby Talk",64,1
17853931,"I Remember You (I Remember You, #1)",64,1
14296736,Dear Zari: The Secret Lives of the Women of Afghanistan,64,1
13506667,"Exceptional (Exceptional, #1)",64,1
1251419,S.O.S. Titanic,64,1
1389923,The Trophy Husband,64,1
696110,The Gettysburg Campaign: A Study in Command,63,1
18190136,Debet,63,1
70206,Will They Ever Trust Us Again?,63,1
3303974,"Blood Brother (Carson Ryder, #4)",63,1
21788583,Stone Mattress: Nine Tales,63,1
975392,"Things Can Only Get Better: Eighteen Miserable Years in the Life of a Labour Supporter, 1979-1997",63,1
26850073,Don't Say a Word (Strangers #3),63,1
25171337,Giant Days #1,63,1
17858801,99 Stories of God,63,1
107477,"Conviction (Christopher Paget, #4)",63,1
1422261,What She Wants,63,1
480270,Throw Like a Girl,62,1
377418,The Assassin (Tommy Carmellini #3),62,1
7014915,Vampire Forensics: Uncovering the Origins of an Enduring Legend,62,1
500468,"Kodocha: Sana's Stage, Vol. 07",62,1
183381,More Tales Of The Unexpected,62,1
16031761,"Blind Date Teddy Bear (Her Teddy Bear, #1)",62,1
17305051,"Brendon (Alluring Indulgence, #8)",61,1
11338698,"The Warlock (The Secrets of the Immortal Nicholas Flamel, #5)",61,1
18039392,"Passionate Addiction (Reckless Beat, #2)",61,1
1962086,Comfortably Numb: The Inside Story of Pink Floyd,61,1
2101872,The Siege,61,1
10359253,63 Documents the Government Doesn't Want You to Read,61,1
15783450,"Pieces (The Breakaway, #2)",61,1
18589115,"The One (The Selection, #3)",61,1
29498616,"Deck the Hallways (A Fixer-Upper Mystery, #4)",60,1
18777128,"Finding Us (True Love, #2)",60,1
16070141,The Elites,60,1
30840990,Unexpected Reality,60,1
93813,"Dead of Night (Doc Ford Mystery, #12)",60,1
23292850,"Normal (Something More, #1)",60,1
826078,"Dead as a Doornail (Sookie Stackhouse, #5)",60,1
920535,The Bride Price,60,1
11522441,"Slash and Burn (Dr. Siri Paiboun, #8)",60,1
15835797,"The Irregular at Magic High School (Mahouka Koukou no Rettousei, #1)",60,1
12171127,"Small Town Christmas (Lucky Harbor, #2.5, Deep in the Heart of Texas #2.5, Last Chance #2.5)",60,1
25780610,Fortune Smiles,59,1
97521,"Bunnicula Meets Edgar Allan Crow (Bunnicula, #7)",59,1
1535273,Imaro,59,1
16133288,البردة,59,1
15789256,"Winter Soldier, Volume 2: Broken Arrow",59,1
8162923,The Pout-Pout Fish in the Big-Big Dark,59,1
213027,"The Dark Queen (Dragonlance: Villains, #6)",59,1
104087,"The Darkest Road (The Fionavar Tapestry, #3)",59,1
12552804,നിന്റെ ഓർമ്മയ്ക്ക് | Ninte Ormaykku,59,1
17826182,"Waiting on the Sidelines (Waiting on the Sidelines, #1)",58,1
10862133,On the Road,58,1
149309,50 Self-Help Classics: 50 Inspirational Books to Transform Your Life from Timeless Sages to Contemporary Gurus,58,1
29471,Journey,58,1
17305,Frank Peretti Value Pack: Prophet/Piercing the Darkness/This Present Darkness,58,1
17251097,Daredevil: End of Days,58,1
10866458,American Gods/Anansi Boys,58,1
12045448,"The Detachment (John Rain, #7)",58,1
24405297,"The Revolution of Ivy (The Book of Ivy, #2)",57,1
13615009,"Cate (Töchter des Mondes, #1)",57,1
25255746,The Heart Goes Last,57,1
1437283,"God Emperor of Dune (Dune Chronicles, #4)",57,1
17926571,The Girl: A Life in the Shadow of Roman Polanski,57,1
22851540,"Chasing Perfection: Vol. II (Chasing Perfection, #2)",56,1
24105,"NIV, Archaeological Study Bible: An Illustrated Walk Through Biblical History and Culture",56,1
5948507,Сказка о Тройке,56,1
17269253,My James: The Heartrending Story of James Bulger by His Father,56,1
148231,The New Revelations: A Conversation with God,55,1
28014641,Destination Thailand,55,1
30095458,Year of No Clutter,55,1
137969,Execution of Innocence,55,1
637400,No Enemy But Time,55,1
21558973,Ghosting,55,1
319006,At Home in the Universe: The Search for the Laws of Self-Organization and Complexity,55,1
22395928,"The Importance of Being Alice (Ainslie Brothers, #1)",55,1
192541,The Vegetable Gardener's Bible: Discover Ed's High-Yield W-O-R-D System for All North American Gardening Regions,55,1
18594421,Flying Shoes,55,1
34999440,Shifter's Rogue  (One True Mate #5),55,1
18479091,Og sådan blev det,55,1
13078869,Alice in the Country of Clover: Bloody Twins,55,1
30315926,"Bright Line Eating: The Science of Living Happy, Thin  Free",54,1
200331,A la sombra del ángel,54,1
11524208,"My Life As a White Trash Zombie (White Trash Zombie, #1)",54,1
15505,Race Against Time,54,1
20823057,What Alice Forgot,54,1
1547082,"Undead (Forgotten Realms: The Haunted Lands, #2)",54,1
1366730,Cinderella,54,1
23490950,Uprooted,53,1
32859753,Silenced,53,1
447884,"Remembrance of Things Past: Volume III - The Captive, The Fugitive, & Time Regained",53,1
20764874,Ellen in Pieces,53,1
20806795,Nowhere but Here,53,1
22692,The Conjure Woman and Other Conjure Tales,53,1
289577,The Kin,53,1
26827125,Half of a Yellow Sun,53,1
13498668,"Medusa, A Love Story (Loves of Olympus, #1)",53,1
18052849,"Ashes to Ashes (Ashes, #1)",53,1
17837946,The Second Life of Amy Archer,53,1
17909630,"Tracks (Rock Bottom, #1)",52,1
159880,The Mountain People,52,1
26114681,The Finn Factor,52,1
566626,Opening Day: The Story of Jackie Robinson's First Season,52,1
24580376,Shooting for the Stars (Gravity #3),52,1
18250837,How (Not) to Be Secular: Reading Charles Taylor,52,1
18043688,"A Home In The West (The Amish of Apple Grove,  #3.5)",52,1
111311,The World's Shortest Stories,52,1
23847937,Democracy,52,1
13542942,"Her Sky Cowboy (The Glorious Victorious Darcys, #1)",52,1
3491031,في تلك السنة هؤلاء العظماء ولدوا معا,52,1
226748,The Plains of Passage (Earth's Children #4),52,1
3676889,Radiator Days,52,1
18221638,Run to You,52,1
13634,Tomie 2,51,1
153178,French Lessons: A Memoir,51,1
153274,Black Sun: Depression and Melancholia,51,1
24807102,Saving Lawson (Loving Lawson #2),51,1
22921529,Tears of the Sea,51,1
167380,Emotions Revealed: Recognizing Faces and Feelings to Improve Communication and Emotional Life,51,1
17250700,"The First Pillar (Everville, #1)",51,1
3308839,"Bound by Flame (The Dark Crescent Sisterhood, #2)",51,1
184350,My Life,51,1
25829718,"Ryker (The Powers That Be, #4)",51,1
13159976,Detroit: A Biography,51,1
17161246,"The Temporary Wife (Forever Love, #1)",51,1
15789300,"Ultimate Comics: Spider-Man, by Brian Michael Bendis, Volume 3",51,1
162412,Return to the City of White Donkeys,51,1
15840314,Ονειρεύτηκα το δολοφόνο σου,50,1
340289,Heat: How to Stop the Planet From Burning,50,1
228632,Biloxi Blues,50,1
22798868,"Price of Privilege (Price of Privilege, #3)",50,1
586434,The Perfect Storm: A True Story of Men Against the Sea,50,1
117532,The Dark Night of the Soul: A Psychiatrist Explores the Connection Between Darkness and Spiritual Growth,50,1
12747,The Book and the Brotherhood,50,1
17563021,"Runes (Runes, #1)",50,1
22841551,The Before Now and After Then,49,1
13414830,"The Barbarous Years: The Peopling of British North America: The Conflict of Civilizations, 1600-1675",49,1
2942,A General History of the Pyrates,49,1
15772712,"Night of the Purple Moon (Toucan, #1)",49,1
25872722,"Trapped (Caged, #2)",49,1
18143785,Be Safe I Love You,49,1
10204926,"Something Like Summer (Something Like, #1)",49,1
347845,Perfect Madness: Motherhood in the Age of Anxiety,49,1
2264904,A Better Angel,48,1
1048043,Saiyuki Reload Volume 1,48,1
20823529,Archer's Voice,48,1
6086384,The Organization of Information (Library and Information Science Text Series),48,1
18074919,"Trust Me (Trust, #1)",48,1
280190,Art History,48,1
2971637,The Non-Designer's Design Book,48,1
27191298,Murder Has Nine Lives (A Jaine Austen Mystery #14),48,1
19444864,"Destroyer of Worlds (Spectr, #5)",48,1
8460218,Two Generals,48,1
20733621,"The Forever Song (Blood of Eden, #3)",48,1
11581772,Me without You,48,1
15818173,"Half Moon Hill (Destiny, #6)",48,1
17315128,Nate in Venice,48,1
11432092,"The Ultimate Sacrifice (The Gifted Teens, #1)",47,1
20824773,The Girl Who Saved the King of Sweden,47,1
25111985,Suç ve Ceza,47,1
35463,Heir to the Empire,47,1
137536,"The Wicca Spellbook: A Witch's Collection of Wiccan Spells, Potions, and Recipes",47,1
18136786,"Steal the Night (Thieves, #5)",47,1
21844441,"Tú, simplemente tú",47,1
19755140,Embassytown,47,1
2121669,"Jesse Bear, What Will You Wear?",47,1
16129905,たいようのいえ 4 [Taiyou no Ie 4],47,1
23691191,"Meet Clara Andrews (Clara Andrews, #1)",47,1
115161,Out of Egypt: A Memoir,47,1
1870135,L'Accident,47,1
6363758,"Higher Hope (Tides of Truth, #2)",47,1
14059041,The Dinner,47,1
21528341,"A Dance with Dragons: After the Feast (A Song of Ice and Fire, #5.2)",46,1
13381342,"The Hands of Time (Hands of Time, #1)",46,1
13481192,Främlingen,46,1
18815693,"Reborn (Born, #3)",46,1
12795185,Who is Jake Ellis?,46,1
26256407,"Initium (The Nocte Trilogy, #2.5)",46,1
12973625,Binding of a Witch (The Savannah Coven #3),46,1
21488448,Righting a Wrong (Ripple Effect Romance #3),46,1
103017,Captain Sir Richard Francis Burton,46,1
21977103,"The She-Wolf (The Accursed Kings, #5)",46,1
14739267,Pavappettavarude Vesya | പാവപ്പെട്ടവരുടെ വേശ്യ,46,1
1420825,L'éducation sentimentale,46,1
1824434,A Chaste Maid in Cheapside,46,1
16133302,A Sinister Game,46,1
17934444,The Furies,46,1
17874499,An Intrepid Trip to Love (A Little Bite of Love #1),46,1
22707922,"La quinta ola (La quinta ola, #1)",45,1
400558,"Peach Girl: Change of Heart, Vol. 1 (Peach Girl, #9)",45,1
28953143,"Injustice: Gods Among Us: Year Five, Vol. 1",45,1
1490767,The Feynman Lectures on Physics Vol 2,45,1
11325112,"Bubba and the 12 Deadly Days of Christmas (Bubba Snoddy, #2)",45,1
2271807,"More William (Just William, #2)",45,1
7031668,"The Omegas (Vanguards, #1)",45,1
1158287,"Kiss (87th Precinct, #44)",45,1
114411,"The Sword of the Spirits (The Sword of the Spirits, #3)",44,1
1497672,"Tail of the Moon, Volume 6",44,1
23952598,"The Smuggler and the Warlord (A Charm of Magpies, #0.5)",44,1
18880128,The Complete Works of William Shakespeare,44,1
18998349,Der dunkle Kuss der Sterne,44,1
18045650,Saga #13,44,1
13167820,The Women's Health Big Book of Yoga: The Essential Guide to Complete Mind/Body Fitness,44,1
543087,The Canopy,44,1
13202294,"All Is Well: Heal Your Body with Medicine, Affirmations, and Intuition",44,1
18615466,The Husband School (Willing to Wed #1),44,1
17269362,"The Time-Traveling Fashionista and Cleopatra, Queen of the Nile",44,1
13512455,"Cursed (Alex Verus, #2)",44,1
16247825,Drawn,44,1
23090,"¿Qué me quieres, amor?",43,1
523113,"Children of Fear (Fear Street Sagas, #7)",43,1
2586990,The Three Robbers,43,1
362060,Echoes of the Fourth Magic (The Chronicles of Ynis Aielle #1),43,1
23751779,Sex Criminals #9: Ana,43,1
13259413,You Take It From Here,43,1
346069,The Loved One:  An Anglo-American Tragedy,43,1
76720,Darwin's Radio (Darwin's Radio #1),43,1
13646472,Tamarind City: Where Modern India Began,43,1
3399119,The Best American Travel Writing 2008,43,1
20702060,The Infinite Moment of Us,43,1
937723,Condominium,43,1
55694,"Dogs of God: Columbus, the Inquisition, and the Defeat of the Moors",43,1
28814678,The Boat Rocker,43,1
1760104,Writing the Other,43,1
18167462,Magnolia City,43,1
17978961,"I Stand Before You (Judge Me Not, #1)",43,1
18740605,Annihilate Me: Holiday Edition,43,1
1540778,iBegYourPrada - Curhat Perempuan Metro,42,1
22855256,月刊少女野崎くん 5 [Gekkan Shoujo Nozaki-kun 5],42,1
17934646,I Remember You: A Ghost Story,42,1
13542423,What the Cat Saw,42,1
2029754,H2 Vol. 1,42,1
12953569,Titanic Love Stories: The True Stories of 13 Honeymoon Couples Who Sailed on the Titanic,42,1
22565395,The Truth Is a Cave in the Black Mountains: A Tale of Travel and Darkness with Pictures of All Kinds,42,1
2418134,So Long at the Fair,42,1
1405526,Our Town: A Play in Three Acts,42,1
24885769,All We Left Behind,42,1
736073,The Pursuit of Wow!: Every Person's Guide to Topsy-Turvy Times,42,1
21399410,Wake Up Call,42,1
647505,The Plutonium Blonde,42,1
25189929,Rebound (Men of Inked #2.3),42,1
16146586,"The Rancher (Redbourne, #1)",42,1
6801218,"Double Trouble (PJ Sugar, #2)",41,1
12641222,"Close to Home (A Savannah Martin Mystery, #4)",41,1
24856105,"Bathsheba: Reluctant Beauty (Dangerous Beauty, #2)",41,1
24712916,"The King's Curse (The Cousins' War, #6)",41,1
258742,The Men from the Boys,41,1
24762706,Abomination,41,1
77267,Prodigal Summer,41,1
13091264,"Baroness (Daughters of Fortune, #2)",41,1
115707,Java: How to Program,41,1
6342695,To His Coy Mistress,41,1
10464916,One Day,41,1
1261068,Wish You Were Here,41,1
1801149,No Compromise (Hideaway Legacy #8),41,1
1249956,"Arms And The Women (Dalziel & Pascoe, #18)",41,1
173270,"The Dark Secret of Weatherend (Anthony Monday Mysteries, #2)",41,1
27279100,"The Knife's Edge (War Eternal, #3)",40,1
1303511,The Los Angeles Diaries: A Memoir,40,1
18817769,"The Immortal Crown (Age of X, #2)",40,1
23160681,"Two of Us (The Lonely Hearts Club, #1.2)",40,1
909840,"One, Two, Buckle My Shoe",40,1
207188,God Is a Verb,40,1
24355718,"Darkness Unchained (Sky Brooks, #2)",40,1
45633,You Bright and Risen Angels,40,1
28501827,"Paranoïa (Paranoïa, #1)",40,1
4520796,The Sisters Antipodes,40,1
18940732,"Rebels (Safe Lands, #3)",40,1
25482978,"Deep Down (Lockhart Brothers, #1)",40,1
24405575,"Welcome to Shadowhunter Academy (Tales from the Shadowhunter Academy, #1)",40,1
16574,The True Confessions of Charlotte Doyle,40,1
17788847,সম্রাট,40,1
13512891,The Princess' Dragon Lord,40,1
258568,The Golden Cat (The Wild Road #2),39,1
22669000,"Fat Dad, Fat Kid: One Father and Son’s Journey to Take Power Away from the “F-Word”",39,1
1340751,زنبق دره,39,1
18129662,"Caliban's War (Expanse, #2)",39,1
48067,"Dog Eat Dog (Melanie Travis, #3)",39,1
6067372,So Punk Rock: And Other Ways to Disappoint Your Mother,39,1
12353556,"Dawn of Darkness (Daeva, #1)",39,1
16280879,The Silver Six,39,1
25987923,Grave Suspicion,39,1
17333789,"Ancillary Justice (Imperial Radch, #1)",39,1
17847110,Holloway,39,1
636040,"Waking Up in Charleston (The Charleston Trilogy, #3)",39,1
618060,Imagine a Day,39,1
17331374,"Kisses, She Wrote (The Prince Catchers, #4)",39,1
472219,The Planet Savers (Darkover Series),38,1
118657,An Empire of Their Own: How the Jews Invented Hollywood,38,1
6691862,Someone Will Be with You Shortly: Notes from a Perfectly Imperfect Life,38,1
19239354,A Christmas Wish: Dane (The MacKenzie Family #1.5),38,1
28013511,"Scarlet Rain (The Escaped, #2)",38,1
10853335,Sweet Valley Confidential: Ten Years Later,38,1
284441,"Playing with Fire (Skulduggery Pleasant, #2)",38,1
20430404,Pandora Hearts 23巻,38,1
510483,"A Change of Heart (Regency Rakes, #2)",38,1
15835477,"Impenetrable (New World, #3)",38,1
18195777,The Deaths,38,1
18762618,Ghetto Love,38,1
11746839,"The Secret Circle: The Initiation and The Captive Part I TV Tie-in Edition (The Secret Circle, #1-2)",37,1
1039414,Bel Canto,37,1
18923100,Crazy Busy: A (Mercifully) Short Book about a (Really) Big Problem,37,1
13593080,Bond On Bond: Reflections on 50 years of James Bond Movies,37,1
34153673,"Too Fat, Too Slutty, Too Loud: The Rise and Reign of the Unruly Woman",37,1
185428,Tell Me No Lies: Investigative Journalism and its Triumphs,37,1
360148,"History of Italian Renaissance Art: Painting, Sculpture, Architecture",37,1
7091314,"The Basilisk’s Lair (Nathaniel Fludd, Beastologist, #2)",37,1
28009514,Piep zei de muis (Helen Grace #2),37,1
185261,"Touched by Venom (Dragon Temple Saga, #1)",37,1
11182957,The Guide,36,1
10084850,Kiss and Tell,36,1
27245867,Dr. Knox,36,1
23732805,La liste de Noël,36,1
12815258,"Android: Golem (Identity, #1)",36,1
17220234,Bear Sees Colors,36,1
25837479,Starboard Secrets (Cruise Ship Christian Cozy Mysteries #1),36,1
274189,The Christ Conspiracy: The Greatest Story Ever Sold,36,1
29790504,"Quick Cheats for Writing With Dragon: Hidden Tricks to Help You Dictate Your Book, Work Anywhere and Set Your Words Free with Speech Recognition",36,1
12780776,"Never Miss a Chance (Kellington, #2)",36,1
128277,A Dangerous Woman,36,1
18667875,"Still Life (The Books of Elsewhere, #5)",36,1
17908731,Reconnected (Connected #1),35,1
26760324,Missional Motherhood: The Everyday Ministry of Motherhood in the Grand Plan of God,35,1
23341602,Just My Rotten Luck (Middle School #7),35,1
15808483,"Prescription For Murder (Murder, She Wrote #39)",35,1
456622,"Murder at the National Cathedral (Capital Crimes, #10)",35,1
1294471,A Blessing on the Moon,35,1
23129520,"Click Date Repeat (Click Date Repeat, #1)",35,1
15718644,"Her Perfect Match (Mistress Matchmaker, #3)",35,1
4787212,"Menu for Romance (Brides of Bonneterre, #2)",34,1
11315245,"Retribution Falls (Tales of the Ketty Jay, #1)",34,1
11222190,The Assassins' Village (Diana Rivers #1),34,1
1575833,A Walk in the Woods,34,1
228363,Little Children,34,1
23492602,"Thank You, Goodnight",34,1
46964,The Anxiety of Everyday Objects,34,1
286651,Romeo and Juliet,34,1
20734687,"Awakening (A Dangerous Man, #1)",34,1
6049941,"With a Twist (Wild Hart Saga, #1)",34,1
20944703,"Wicked Games (McCade Brothers, #1.5)",34,1
2121545,Salad Days 4,34,1
11492487,Orgullo y prejuicio,34,1
14843862,"Passion Blue (Passion Blue, #1)",34,1
1355532,Blood Kin,34,1
22609101,"The Rosie Effect (Don Tillman, #2)",34,1
16054801,"Wicked Business (Lizzy and Diesel, #2)",34,1
18270788,"The Mistress (The Original Sinners, #4)",34,1
17713367,Exodus: How Migration Is Changing Our World,33,1
29338625,"Until Now (Not Yet, #2)",33,1
23643711,"Mariposas en tu estómago II (Mariposas en tu estómago, #2)",33,1
23245558,The Lewis Man: The Lewis Trilogy,33,1
18302011,"A Perfect Mistake (Hope Parish #2; A Perfect Secret, #2)",33,1
18520,"The Diary of Virginia Woolf, Volume Three: 1925-1930",33,1
167842,The Witling,33,1
1198133,Special Deliverance,33,1
26235952,"Calling Me Home (Calling Me, #3)",33,1
25803733,"Rendezvous With Yesterday (The Gifted Ones, #2)",33,1
15720065,Reunião Sombria (The Vampire Diaries #4),33,1
107013,The League Of Extraordinary Gentlemen,33,1
256100,Force of Nature,33,1
2669268,"Summer's Storm (The Graistan Chronicles, #2)",32,1
1717864,Growing Vegetable Soup,32,1
12807502,Radio Iris,32,1
2213158,The Warrior's Touch,32,1
10846905,"Hunter of Shadows (Moonlight, #5)",32,1
24203615,One Summer in Venice,32,1
11722275,The Toyota Way to Lean Leadership: Achieving and Sustaining Excellence Through Leadership Development,32,1
30206743,Forbidden Brides of the Faceless Slaves in the Secret House of the Night of Dread Desire,32,1
1904959,داستان های 55 کلمه ای: دو زبانه,32,1
18979245,"The First Law Trilogy Boxed Set: The Blade Itself, Before They Are Hanged, Last Argument of Kings",32,1
422156,The Masks of Time,32,1
120553,The April Witch,32,1
24497988,Born of Betrayal (The League #8),32,1
29633913,"Emergent Strategy: Shaping Change, Changing Worlds",32,1
1246169,The Cuckoo's Egg,32,1
24485906,"The Silent Dead (Paula Maguire, #3)",32,1
12770052,"Moonshell Beach (Shelter Bay, #4)",32,1
17944655,Not Your Ordinary Wolf Girl,32,1
470186,The Jagged Orbit,31,1
26802550,Der Marsianer,31,1
22292370,Hand of Fire,31,1
1025249,Son of Interflux,31,1
24611949,"Just Killing Time (Clock Shop Mystery, #1)",31,1
20431673,"Nameless: The Darkness Comes (The Bone Angel Trilogy, #1)",31,1
22402749,Bless the Beasts and Children,31,1
25952916,The Unseen Face,31,1
346485,The Crusader,31,1
13161569,Childhood's End,31,1
25451785,"Legion: Skin Deep (Legion, #2)",31,1
556661,News From Tartary,31,1
392703,Spike Heels,31,1
96794,Planet Simpson: How a Cartoon Masterpiece Defined a Generation,31,1
20893533,Color Blind (Dr. Jenna Ramey #1),31,1
29943,The Incognito Lounge,31,1
122518,Robert Bloch's Psychos,31,1
27274430,The Sound of Seas (The Earthend Saga #3),31,1
27883190,The Fate (Children of Wisdom #1),31,1
234336,Death Benefits,31,1
15759036,"Trouble in Texas (Deep in the Heart of Texas, #4)",31,1
15783718,"Daughter of the Spellcaster (The Portal, #2)",31,1
1054770,Elsie's Holidays at Roselands (The Original Elsie Classics #2),30,1
17871355,Assisted,30,1
30107395,Her Secret (The Amish of Hart County #1),30,1
23441642,Bone Cold,30,1
1030208,Fairy Dust,30,1
160997,A Critique of Postcolonial Reason: Toward a History of the Vanishing Present,30,1
1000230,Cold Fire,30,1
11152025,Wuthering Heights,30,1
10790129,Purgatory Chasm,30,1
186200,"A Storm in Flanders: The Ypres Salient, 1914-1918: Tragedy and Triumph on the Western Front",30,1
133178,Hip Hop America,30,1
22675985,The Elimination Diet: Discover the Foods That Are Making You Sick and Tired--and Feel Better Fast,30,1
11367880,Dream,30,1
29973180,"Not Quite the Fairy Tale, Volume 1 (Not Quite the Fairy Tale, #1-4)",29,1
16178233,"Pretty When They Collide (Pretty When She Dies, #0.5)",29,1
25430746,Accidental Saints: Finding God in All the Wrong People,29,1
15954488,Christmas on Mimosa Lane,29,1
525680,"Bridget (Women of Primrose Creek, #1)",29,1
28668555,Armada,29,1
13227880,Over Time: My Life as a Sportswriter,29,1
26263488,The Mountain Midwife,29,1
18003169,"তিন গোয়েন্দা ভলিউম ১৬ (তিন গোয়েন্দা, #৫৮,৫৯,৬০)",29,1
1252452,"The Horse of Her Dreams (Thoroughbred, #24)",29,1
25877359,Lachlan (The Ghosts of Culloden Moor #2),29,1
25337452,"This Love of Mine (Mirror Lake, #2)",29,1
11288185,Españistán: Este país se va a la mierda,29,1
13343801,"The Journal of Best Practices: A Memoir of Marriage, Asperger Syndrome, and One Man's Quest to Be a Better Husband",29,1
1235078,Rain Makes Applesauce,29,1
111917,Wealth and Democracy: A Political History of the American Rich,28,1
1238538,The Seedling Stars,28,1
13547329,Magic: An Anthology of the Esoteric and Arcane,28,1
2101667,The Pure Land,28,1
154876,Running Through the Wall: Personal Encounters with the Ultramarathon,28,1
25714163,Mr. Holmes,28,1
20934582,The Adventures of Jillian Spectre (Jillian Spectre #1),28,1
1149894,"Jake (The Cowboys, #1)",28,1
21399240,Seduced by the Game,28,1
11052591,Roller Coaster,28,1
1020716,Sticky Beak,28,1
20407204,The Experiment  (Saving Caeorleia #1),28,1
32717752,Going Nowhere Fast,28,1
28284290,Życie na miarę. Odzieżowe niewolnictwo,28,1
664653,Southern Ladies and Gentlemen,28,1
1217915,"In High Places (Crosstime Traffic, #3)",28,1
15802770,The Face of the Earth,28,1
18402041,"Christening (Nameless, #1.5)",28,1
18478346,"Colorado Wild (Colorado Heart, #1)",27,1
1082331,Insurgent Mexico,27,1
15803928,"Rosario+Vampire: Season II, Vol. 11 (Rosario+Vampire: Season II, #11)",27,1
19380334,Finally Home,27,1
18198770,"Astronomy 101: From the Sun and Moon to Wormholes and Warp Drive, Key Theories, Discoveries, and Facts about the Universe",27,1
25626041,"Serving Pleasure (Pleasure Series, #2)",27,1
18132272,"A Tale of Two Dragons (Dragon Kin, #0.2)",27,1
13484782,Wick (Wick #1),27,1
314742,"Essential Silver Surfer, Vol. 1",27,1
29869,New York,27,1
11096004,The Giver,27,1
6919783,"The New Avengers, Volume 12: Powerloss",27,1
203306,We've Had a Hundred Years of Psychotherapy & the World's Getting Worse,27,1
552284,"The Eagle and the Sword (Arthor, #2)",27,1
15719619,Show Me Yours,27,1
1239214,"Sophie the Sapphire Fairy (Rainbow Magic: Jewel Fairies, #6)",27,1
13416670,Destiny's Detour,27,1
25919,"Love Mode, Vol. 3",26,1
182234,Bert Stern/ Marilyn Monroe: The Complete Last Sitting,26,1
30649385,An Amish Home,26,1
20859669,Prime Deception,26,1
25566111,Other People's Comfort Keeps Me up at Night,26,1
23341717,"Nero's Fiddle (The Artifact Hunters, #3)",26,1
25817508,"The Invasion of the Tearling (The Queen of the Tearling, #2)",26,1
292091,"The Good Spell Book: Love Charms, Magical Cures, and Other Practical Sorcery",26,1
239908,A Critical Introduction to Queer Theory,26,1
18857006,Dream Warrior (Dark-Hunter: Dreamhunter #4),26,1
11699133,Better Off Without Him,26,1
12885738,"A Lady's Revenge (Nexus, #1)",26,1
226484,The Ganymede Takeover,25,1
18332120,The Crow Girl,25,1
16056370,"Flirting with Fortune (Sealed With a Kiss, #3)",25,1
23122898,Smut Peddler: 2014 Edition,25,1
16082551,Her Viking Wolf,25,1
129827,The Other Side of the Mirror (Darkover Series),25,1
17402694,Trust (Believe #1),25,1
23316529,The Lobster Kings,25,1
21415704,"Red Skies (Tales of the Scavenger's Daughters, #4)",25,1
23349435,The Frozen Sky (Frozen Sky #1),25,1
17267230,"Bloodkin (The Maeve’ra, #2)",25,1
15848037,გურჯი ხათუნი,25,1
365591,Miss Smith's Incredible Storybook,25,1
18915618,"Mirage (Destined, #1)",25,1
20871316,"Broken (The Cavanaugh Brothers, #2)",25,1
571894,"Star Trek Log Four (Star Trek: Logs, #4)",25,1
23058187,Museum of Mistakes: The Fart Party Collection,25,1
23534430,The Beauty Bride (The Jewels of Kinfairlie #1),25,1
18882052,"Shelter Mountain (Virgin River, #2)",25,1
112142,Favorite Poems,25,1
25399383,When the Heavens Fall,25,1
1261028,Inishowen,25,1
727918,"Eyeshield 21, Vol. 13: Who is the Real Eyeshield 21?",25,1
384038,Starlight: The Great Short Fiction of Alfred Bester,25,1
1717287,When Jessie Came Across the Sea,25,1
1802252,"Astérix en Hispanie (Astérix le Gaulois, #14)",25,1
17350821,A Home for My Heart,25,1
16164764,"Capital Punishment (Charles Boxer, #1)",24,1
15790934,Zoo,24,1
25226011,The State of Play: Creators and Critics on Video Game Culture,24,1
6581718,"Touching Darkness (Offspring, #3)",24,1
25770528,"Cooking for Geeks: Real Science, Great Cooks, and Good Food",24,1
18669677,"Even White Trash Zombies Get the Blues (White Trash Zombie, #2)",24,1
209686,The Bible Repairman,24,1
1902740,"Fortune's Fool (Five Hundred Kingdoms, #3)",24,1
1553937,Horrid Henry Meets the Queen,24,1
1167602,The Pornographer of Vienna,24,1
1125887,My Hero,24,1
1903681,Guru Matahari,24,1
21563713,Interrupted: When Jesus Wrecks Your Comfortable Christianity,24,1
10894924,Oliver Twist,24,1
582673,"Berserker's Planet (Berserker, #3)",24,1
18134342,"The Scars of Ambition (The Cumerian Unraveling, #1)",24,1
12910532,"A Clash of Kings (A Song of Ice and Fire, Book 2)",24,1
2939712,La Trepadora,24,1
11948639,The Space Between,24,1
24752558,"City of Heavenly Fire (The Mortal Instruments, #6)",24,1
30817995,"He Exposed Me to the Real, Now I Hate Lames",24,1
28365348,Revenants: The Odyssey Home,24,1
110434,Have a Change of Scene,24,1
331586,My Surrender (The Rose Hunters Trilogy #3),24,1
1824195,"Mrs. Jeffries Plays the Cook (Mrs. Jeffries, #7)",24,1
18052802,"Shockingly Seductive (Addicted to You, #7)",24,1
17924008,"Feel the Heat (Hot in the Kitchen, #1)",24,1
25525154,Summer in Snow Valley (Snow Valley Romance Anthologies #2),23,1
27242728,Dark Alpha's Embrace (Reaper #2),23,1
18996187,"First to Burn (Immortal Vikings, #1)",23,1
17018531,Writing Irresistible Kidlit: The Ultimate Guide to Crafting Fiction for Young Adult and Middle Grade Readers,23,1
22454835,The Writer on the Hill: The Very Best of Ruskin Bond,23,1
25604257,Las hermanas Romanov,23,1
23339506,"The Infinite Sea (The 5th Wave, #2)",23,1
13595055,Slices of Life,23,1
12420397,The White Angel Murder,23,1
22375715,სოლარისი,23,1
11888711,Plenty: Vibrant Recipes from London's Ottolenghi,23,1
28094689,Different Seasons,23,1
2529635,Comanche Flame,23,1
25658499,The  Crooked Sixpence,23,1
21570923,"Sexy and Funny, Hilarious Erotic Romance Bundle",23,1
638393,Witches' Brew (Magic Kingdom of Landover #5),23,1
632470,"The Secret Hangman (Peter Diamond, #9)",23,1
18668290,"Josh & Hannah (Redwood Falls, #1)",23,1
17858864,"Hell's Belle (Hell's Belle, #1)",23,1
285768,Millicent and the Wind,22,1
28259730,"The Shattered Tree (Bess Crawford, #8)",22,1
17657642,Plain Peace (Daughters of the Promise #6),22,1
13423093,Resurrection,22,1
12034813,"Opdagelsen (Magikerens Lærling, #3)",22,1
20702346,"Knot In My Backyard (A Quilting Mystery, #2)",22,1
2996254,"The Topaz (The Bracelet Series, #3)",22,1
26832069,Fall for You (Law of the Pack Book 1),22,1
13002442,Un couple d'enfer (Les nombrils #5),22,1
2298254,"Mama, PhD: Women Write about Motherhood and Academic Life",22,1
25885440,Jamaica Inn,22,1
20893473,Elements of Wit: Mastering the Art of Being Interesting,22,1
18200090,"Empath (Flawed, #1)",22,1
25982510,Against the Wall,22,1
16141,Ego and Hubris: The Michael Malice Story,22,1
292902,Jackie Brown,22,1
15784954,Bachelor Number One,22,1
24427062,"Lady Killer, Issue #1",22,1
15958903,The Great Gatsby,22,1
2116832,"Kilala Princess, Vol. 01",22,1
24488697,"The Legend of Lyon Redmond (Pennyroyal Green, #11)",21,1
11451321,Forrest Gump,21,1
619233,Secrets of a Civil War Submarine: solving the mysteries of the H. L. Hunley,21,1
15143545,"Burning Bridges (Bleeding Heart, #1)",21,1
11738450,"Ran Away (Benjamin January, #11)",21,1
13363136,"Fantastic Four, Volume 5",21,1
15855115,The Billionaire's Runaway Bride,21,1
550796,Never Eat Anything Bigger Than Your Head  Other Drawings,21,1
2752746,Ruda Sfora,21,1
7798030,Turn Left At The Trojan Horse: A Would-Be Hero's American Odyssey,21,1
150254,Electra,21,1
14132908,Avengers vs X-men Round 4,21,1
26795375,The Sun in Your Eyes,21,1
2337715,The Case of the Lazy Lover,21,1
11887832,"Blue Bloods Novel Collection (Blue Bloods, #1-5)",21,1
24592280,Three Brothers,21,1
1062202,Mary Shelley,21,1
13452923,傷物語 [Kizumonogatari],21,1
17305194,"Games of Fate (Fate ~ Fire ~ Shifter ~ Dragon, #1)",21,1
29481599,Break the Rules (The Flanagan Sisters #1),21,1
1783282,"A Private Collection (Private, #1-4)",21,1
1649300,"Me and the Blondes: (The Blondes, #1)",21,1
6677909,Mistress to the Merciless Millionaire,21,1
26112323,"Deathless & Divided (The Chicago War, #1)",21,1
18271903,"高校デビュー 15 [Koukou Debut 15] (High School Debut, #15)",21,1
15994544,The Portrait of a Lady,21,1
26025603,Childhood's End,21,1
12420504,"Catch of the Day (Gideon's Cove, #1)",21,1
144091,Epigrams,21,1
17951472,Kvinnan i svart,21,1
14296795,"Just a Cowboy and His Baby (Spikes & Spurs, #6)",21,1
18565477,Noggin,20,1
13445302,Murder on Potrero Hill (Peyton Brooks' Mystery #1),20,1
11135458,The Vampire Stalker,20,1
17379767,Wie Tyler Wilkie mein Leben auf den Kopf stellt und was ich dagegen tun werde,20,1
18525763,The Porcelain Thief: Searching the Middle Kingdom for Buried China,20,1
1481084,To a Thousand Generations: Infant Baptism: Covenant Mercy for the People of God,20,1
13644040,Six Weeks to OMG,20,1
297847,Women in Love,20,1
18854804,The Witch Next Door (Courtney Crumrin #5),20,1
285826,Soft,20,1
24874361,Il Duro,20,1
18659462,A Package Deal,20,1
23269043,Our Endless Numbered Days,20,1
25743832,"Stone Cold Cowboy (Montana Men, #4)",20,1
13536802,"Allegiance Sworn (The Light Blade, #3)",20,1
15769851,"Coming Home (Jackson Falls, #1)",20,1
793220,"Hunting the Demon (Demon Hunters, #2)",20,1
138163,Poems and Translations,20,1
18997975,The Last Ship,20,1
13542763,"Spellfire (Nightkeepers,#8)",20,1
13458818,Wraith,20,1
19020532,"Chained by Darkness (The Sensor, #2.5)",20,1
25704415,A Question of Inheritance,20,1
12908947,Outside Your Window: A First Book of Nature,20,1
18169888,"Unstoppable (Fierce, #2)",20,1
12708230,Just Like Cats and Dogs,20,1
18074943,"Into the Light (Sutton Family, #2)",20,1
18170565,"Deceptive Innocence: Part 3 (Pure Sin, #1.3)",20,1
13624099,Modern Family: Wit and Wisdom from America's Favorite Family,19,1
30197398,"Legend Has It (Pax Arcana, #5)",19,1
1111075,"The Mystery of the Lost Village (The Boxcar Children, #37)",19,1
31499647,Southern Charmed,19,1
23836742,Riding the Red Horse,19,1
13421146,"Ruby Red (Ruby Red, #1)",19,1
7416873,Wings of Fire,19,1
27405975,"Chłopcy. Największa z przygód (Chłopcy, #4)",19,1
29457331,Monster: Angels of Chaos MC,19,1
23440537,"Pairing Off (Red Hot Russians, #1)",19,1
10341963,Ayn Rand's Anthem: The Graphic Novel,19,1
23275723,The Last Crypt,19,1
15991715,Knights of Sidonia #7,19,1
1373963,You Could Do Better,19,1
2087218,Det sjuende møte,19,1
10809503,Rapture in Death (In Death #4),19,1
1258392,"The Last Battle (Chronicles of Narnia, #7)",19,1
17881265,"Forever Alexa (The Bodyguards Of L.A. County, #4)",19,1
690070,"The First Snowdrop (Frazer, #1)",19,1
12378089,Deadly Pursuit (Dark Desires #2),19,1
13638751,Faces in the Crowd,19,1
26137710,Cerati: La biografía,19,1
24997133,The Astonishing Return of Norah Wells,19,1
34107675,"Nash (Hope Valley BBW Dating App Romance, #10)",19,1
13149078,"Callsign: Knight (Shin Dae-jung) (Chess Team, #6)",19,1
28371975,A New Class (Jedi Academy #4),19,1
1931,Avalanche,19,1
29357146,"The Descendant (Guardians of the Worlds, #1)",19,1
12897264,"Сплавта на закона (Мъглороден, #4)",19,1
16035693,"To Challenge the Earl of Cravenswood (Wicked Wagers, #3)",19,1
18619488,"Hard Rock Improv (The Lonely Kings, #3)",19,1
14296888,"Waking Up with a Rake (The Royal Rakes, #1)",19,1
17305077,"Neighborly Complications (Stories of Serendipity, #1)",19,1
18077813,Power Play,19,1
16230,"Homeless (Wild at Heart, #2)",19,1
100283,The Mr.  Mrs. Happy Handbook: Everything I Know About Love and Marriage,18,1
20895677,"Infected: Epitaph (Infected, #8)",18,1
1458177,Fahrenheit 451,18,1
11466049,Keeper of the Light,18,1
17911948,"Billionaire Bound (My Billionaire Boss, #1)",18,1
9294229,"Unlacing the Innocent Miss (Regency Silk & Scandal, #6)",18,1
18302588,Half Way Home,18,1
2387386,Against the Machine: Being Human in the Age of the Electronic Mob,18,1
13575288,Memoirs of an Imaginary Friend,18,1
16691600,"Forever, Christian",18,1
18821777,Poseidon's Arrow,18,1
15817010,"Hair Raising (Dan Shamble, Zombie PI, #3)",18,1
17364168,"The One, Volume #15",18,1
27617333,"Shiny Broken Pieces (Tiny Pretty Things, #2)",18,1
11794635,"Explosive Eighteen (Stephanie Plum, #18)",18,1
12938273,"End of the Trail (Texas Trails, #6)",18,1
23568534,"Burnt Sugar (Firebug, #0.5)",18,1
2188016,Wine of the Dreamers,18,1
233973,The Oxford Guide to Library Research,18,1
13529852,Sherry's Wolf (After the Crash #3.5),18,1
1440113,"Stars Over Stars (Heyoka Blackeagle, #2)",18,1
17832873,"A Crown of Bitter Orange (La Vie en Roses, #3)",18,1
19286846,"Heat (Club Inferno, #1)",17,1
13562603,"Summer Days (Fool's Gold, #7)",17,1
26887173,"Deliver Me (The Music Within, #1)",17,1
26131398,Trigger Snappy (Lexi Graves Mysteries Book 8),17,1
29565619,"The Heiress and the Hothead (Sinful Suitors, #1.5)",17,1
256034,The Lost Land: Poems,17,1
12959848,Shades of Gray,17,1
18776533,"Renegade (Elemental, #3)",17,1
27315503,Tender is the Night (Callaways #10),17,1
17699313,"Midshipman Henry Gallant in Space (The Henry Gallant Saga, #1)",17,1
16141308,"Michael & Sean (Learning to Love, #1)",17,1
13129771,Spartacus: Swords and Ashes (Spartacus #1),17,1
21621,Dealing in Futures,17,1
17736849,Blackwater Lights,17,1
18490893,Sherlock Holmes: The Spirit Box,17,1
25300863,Andersonville,17,1
188227,"The German Ideology, Part 1 & Selections from Parts 2 & 3",17,1
570420,Slaves of the Volcano God (Cineverse Cycle #1),17,1
29548076,Historien om det hele - fortællinger om magi og videnskab,17,1
1733641,Alice's Adventures in Wonderland,17,1
14489582,"Hellboy Library Edition, Volume 5: Darkness Calls and The Wild Hunt (Hellboy, #8-9)",17,1
28524568,Briar Patch Boogie: A Hap and Leonard Novelette,17,1
453410,Mickey Mouse's Picnic,17,1
18693879,Smarter Than You Think: How Technology Is Changing Our Minds for the Better,17,1
1033542,Star Trek Encyclopedia,17,1
13433026,حالة اشتباه,17,1
22864322,Manto: Selected Short Stories,17,1
18466618,Where The Rainbow Ends,17,1
105936,"Ultimate Spider-Man, Volume 5",17,1
20749119,"Promiscuous (Issues, #1)",17,1
2796728,Dungeons and Desktops: The History of Computer Role-Playing Games,17,1
1201516,The Magician's Nephew (The Chronicles of Narnia #1),17,1
1821753,Amazonia,17,1
17727835,"Continental Life (Continental Affair, #3)",17,1
15738270,Alexi's King (Pride Valley #1),17,1
14061704,Moonsong,16,1
219303,"Crusader's Torch (Atta Olivia Clemens, #2)",16,1
18404328,"Why Lords Lose Their Hearts (Wicked Widows, #3)",16,1
23197420,Pretty Wicked,16,1
16131198,Finerman's Rules: Secrets I'd Only Tell My Daughters About Business and Life,16,1
10083542,How to Make Money Using Etsy: A Guide to the Online Marketplace for Crafts and Handmade Products,16,1
23534452,Cold Feet at Christmas,16,1
15808830,"Fiery Edge of Steel (Noon Onyx, #2)",16,1
22611513,"Tracing Thunder (The Godhunter, #13)",16,1
18630816,"Wild Angel (The O'Byrne Brides Series, #1)",16,1
13419427,The Shoppe of Spells,16,1
1074355,The Road to Gandolfo and The Road to Omaha,16,1
11845882,"Teenage Mutant Ninja Turtles: The Ultimate Collection, Vol. 2",16,1
541643,Gabby,16,1
18046700,"The Smuggler Wore Silk (Spy in the Ton, #1)",16,1
1794007,The Big Blow,16,1
16116973,"The Boss' Bad Girl (Callahan's Secretary, #1)",16,1
25733578,Written on My Heart,16,1
1393928,Post Captain,16,1
13792318,Goodbye to Berlin,16,1
17255888,"Captured (Vampire King, #2)",16,1
3100969,Monster Zoo,16,1
185014,the dreamer examines his pillow,16,1
15991484,"Inhuman (World of the Lupi, #3.5)",16,1
1572841,The Other Eden,16,1
17285150,You Know What You Have to Do,16,1
17233995,"The Tenth Witness (Henri Poincare Mystery, #2)",16,1
1360727,"Appleby's End  (Sir John Appleby, #10)",16,1
27405512,New Romancer,16,1
179108,"Airtight Case (Lindsay Chamberlain, #5)",16,1
12725737,And Then I Met Him,16,1
11994143,Breaking Waves,16,1
169902,One Nation Under Gods: A History of the Mormon Church,15,1
22303979,Attachments,15,1
63950,My Car,15,1
1179164,"This Can't Be Love (Summer Lovin', #2)",15,1
27310348,Demon's Mark: The Complete Series,15,1
382482,"Uncanny X-Men: The New Age, Volume 1: The End of History",15,1
18870582,World War Two: History in an Hour,15,1
18490684,People of the Morning Star (North America's Forgotten Past #21; Morning Star Trilogy #1),15,1
11520725,"New Spring (Wheel of Time, #0)",15,1
2237959,McSweeney's #27,15,1
23567830,Miss Blackpool,15,1
25919820,"Diner Knock Out  (Rose Strickland Mystery, #4)",15,1
10430994,One of Our Thursdays Is Missing,15,1
1413520,The Magic Fishbone,15,1
12362435,Cõi Người Rung Chuông Tận Thế,15,1
13538833,Howard's Gift: Uncommon Wisdom to Inspire Your Life's Work,15,1
24766198,"Thunderclaw (Alien Warrior, #2)",15,1
16059456,The Love-charm of Bombs: Restless Lives in the Second World War,15,1
15893437,"Itazura Na Kiss, Volume 10 (Itazura na Kiss, #10)",15,1
1036121,The Thirteenth Tale,15,1
27214582,The Bear Who Stared,15,1
2395030,"Evil Genius (Genius, #1)",15,1
18460183,The Book of Shade,15,1
25705408,"The Tesla Legacy (Joe Tesla, #2)",15,1
11912183,Gold Standard,15,1
10170268,Unbillable Hours: A True Story,15,1
13576244,Rotter World,15,1
6665174,"Superman: New Krypton, Vol. 3",15,1
17227470,"Evade (Ever, #2)",15,1
13558092,"Learning to Breathe (Breathing, #1)",15,1
13763835,Betrayal in Death (In Death #12),15,1
1572822,"Shockscape (Deathlands, #18)",15,1
1392352,Porcupining: A Prickly Love Story,15,1
18554642,"Row, Row, Row Your Boat",15,1
13602229,Origin,14,1
24778187,Five Night Stand,14,1
17343415,Killing Jesus: A History,14,1
22379782,Watching Sin (Fetish & Fantasy #1),14,1
12180219,Myths of Origin,14,1
1962136,A Reckless Encounter,14,1
15713564,At First Touch,14,1
20624556,Waiting for Rain,14,1
17829786,"Mocha, Moonlight, and Murder (Under The Moonlight #1)",14,1
2575503,Princess From Another Planet,14,1
1024767,Silver Spire,14,1
183786,Inside a U.S. Embassy: How the Foreign Service Works for America,14,1
1792712,7 Dosa Besar (Penggunaan) PowerPoint,14,1
27585,The Perfect Wrong Note: Learning to Trust Your Musical Self,14,1
17258245,The Kobold Guide to Worldbuilding,14,1
25540545,Dead Bastard (The Soldiers of Wrath MC #4),14,1
2156065,"Fortune's Bride (Brides of Montclair, #3)",14,1
28220699,Belle Chasse (Sentinels of New Orleans #5),14,1
22854188,"The Enterprise of England (The Chronicles of Christoval Alvarez, #2)",14,1
256438,The Consumer's Guide to Effective Environmental Choices: Practical Advice from The Union of Concerned Scientists,14,1
1113115,Against Love: A Polemic,14,1
23012650,Let's Dance a Waltz 1,14,1
20949621,The Jacket,14,1
13367178,On Little Wings,14,1
219278,"Writ in Blood (Saint-Germain, #10)",14,1
2226023,"The Shadowers (Matt Helm, #7)",14,1
11500910,Pleasure with Purpose,14,1
18667808,"Last Licks (Sunny & Shadow Mystery, #3)",14,1
17208364,Never Enough (Enough #1),14,1
15812198,Knit Your Bit: A World War I Story,14,1
17571324,"Inuyasha, Volume 17",14,1
15829176,"Forged by Greed (Forged, #1)",13,1
15800358,The Devil's Necktie (Jack Bertolino #1),13,1
17448839,I Am Eternal,13,1
29604364,Star Wars #17,13,1
4827209,Sub for Hire,13,1
1824048,Mischief,13,1
28088458,The Legend of Wonder Woman (2015-) #4,13,1
2590775,Swan,13,1
17464,"Marguerite Henry Treasury of Horses (Boxed Set): Misty of Chincoteague, Justin Morgan Had a Horse, King of the Wind",13,1
23228985,"Vipers Den: Part One Piper & Kade (Viper's Den, #1)",13,1
18492775,Daughter of Nothing (The Scion Chronicles #1),13,1
31855850,"Superwoman, Volume 1: Who Killed Superwoman?",13,1
1767086,"Strong at the Broken Places: Voices of Illness, A Chorus of Hope",13,1
22608144,"Chasing Jillian (Love and Football, #5)",13,1
1089293,Out of the Blue,13,1
13411163,"Undone Rebel (Undone Lovers, #1)",13,1
1662369,Violet's Defiant Daughter (A Life of Faith: Violet Travilla #7),13,1
10507408,"Green-Eyed Demon  (Sabina Kane, #3)",13,1
17286712,The Good Boy,13,1
20746155,পথের কাঁটা (ব্যোমকেশ বক্সী গোয়েন্দা কাহিনী #2),13,1
14743013,La Corda d'Oro Volume 17,13,1
1750379,"Faith's Crossing (Lex and Amanda, #2)",13,1
25322162,The Wave,12,1
15827020,Beyond Belief: My Secret Life Inside Scientology and My Harrowing Escape,12,1
17899548,The Arms of the Octopus,12,1
18799723,"Sleep, Big Bear, Sleep!",12,1
18599709,Vivian Divine Is Dead,12,1
13353935,"Eternal (Holloway Pack, #0.5)",12,1
11377724,"The North Pole Challenge (Flea's Five Christmases, #1)",12,1
22611937,The Perfect Match,12,1
23579254,Eve: In the Beginning,12,1
1851859,Temptation of the Warrior,12,1
25833176,A Season to Wed: Three Winter Love Stories,12,1
23476058,Red Rain (Night #4),12,1
22853082,Fifty Shades of Alice at the Hellfire Club (The Fifty Shades of Alice Trilogy Book 3),12,1
263830,The Complete Temples of Ancient Egypt,12,1
25532984,"Nightwalker (The World of Nightwalkers, #5)",12,1
25834793,Spindle,12,1
20527968,Natural Born Learners,12,1
17884053,"Katana, Vol. 1: Soultaker",12,1
21556017,"Red Lanterns, Volume 5: Atrocities",12,1
11426677,"Christmas in Cold Creek (Cowboys of Cold Creek, #9)",12,1
247912,"The Spriggan Mirror (Ethshar, #9)",12,1
1025194,Sinister Barrier,12,1
27852576,The Vow,12,1
26059461,"Lion's Love (Confessions of a Mail Order Bride, #1)",12,1
1561765,Beyond Desire (Includes: Beyond Duet 1 & 2),12,1
15997118,"Shinobi Life, Vol. 13",12,1
13614844,"Storm (Elemental, #1)",12,1
1361619,Deny Thy Father (Star Trek: The Lost Era 2355-2357),12,1
23208642,Caveboy Dave: More Scrawny Than Brawny,11,1
176568,"The Creature from Club Lagoona (Ghosts of Fear Street, #21)",11,1
289284,"Guns, Drugs & Monsters (Cal McDonald, #2)",11,1
32149392,"A Peace Divided (Peacekeeper, #2)",11,1
23823756,Spider-Woman #2,11,1
2439929,"Inu Yasha Ani-Manga, Vol. 9 (Inuyasha Ani-Manga, #9)",11,1
1285326,Seeing Emily,11,1
145326,How to Take the Grrrr Out of Anger,11,1
3125147,"Arch Wizard (Falconfar Saga, #2)",11,1
433227,"Mary Anne and the Library Mystery (Baby-Sitters Club Mystery, #13)",11,1
15998721,"The Return of the Indian (Indian in the Cupboard, #2)",11,1
5497136,Superman and Batman Vs. Vampires and Werewolves,11,1
20819742,Audrey,11,1
21724996,"Rae Falling (The Devilhouse, #1)",11,1
2716209,"Drink to Yesterday (Tommy Hambledon, #1)",11,1
1373992,Saved by Scandal,11,1
1542292,A God Against the Gods,11,1
23556750,"Holiday Hat Trick (Portland Storm, #5.5)",11,1
1324765,"All Shots (A Dog Lover's Mystery, #18)",11,1
14489646,Creepy Presents Richard Corben,11,1
2474027,Inspired to Knit: Creating Exquisite Handknits,11,1
23453127,"A Blossom of Bright Light (Jimmy Vega Mystery, #2)",11,1
23591533,"On a Cyborg Planet (The Phoenix Adventures, #6)",11,1
26024236,Pearl,11,1
1362768,The Playboy and the Widow,10,1
22220077,Yeti and the Bird,10,1
1371275,Poppleton Forever,10,1
18517813,The Door Behind Us,10,1
25249413,Trouble in Paradise,10,1
1756861,"Immortal Desire (Immortal Witches, #3 & 4)",10,1
1186429,Fiction Writer's Brainstormer,10,1
21513359,Men Explain Things to Me,10,1
12408637,Project Jackalope,10,1
23588667,"Jackaby (Jackaby, #1)",10,1
1751440,Moonlight: The Halloween Cat,10,1
19083218,"Sandpiper Island (Bachelors of Blueberry Cove, #3)",10,1
18714334,"Prince of Tricks (Demons of Elysium, #1)",10,1
1624656,The Medusa Project (Medusa Project #1),10,1
25913725,"Gambler's Game (Reborn, #2)",10,1
15863391,"Howl's Moving Castle (Howl's Moving Castle, #1)",10,1
17457578,Queen-A-Bella Finds A Best Friend,10,1
19539104,"High School DxD, Vol. 2",10,1
25241751,Birds of Prey Vol. 1,10,1
2106308,Sacred Leaf,10,1
13513655,"Immortal Surrender (The Curse of the Templars, #2)",10,1
17563111,"The Watchers (The Watchers, #1)",9,1
1291923,The Mitten,9,1
25268115,Sold to the Alphas,9,1
2349510,Stranger From the Depths,9,1
22112646,If Your Monster Won’t Go to Bed,9,1
169868,"Shadows over Lyra (Lyra, #1-3)",9,1
21857949,The Man Test (The Marin Test #1),9,1
1162889,Knitting,9,1
17854846,My Biker Bodyguard,9,1
1505385,"Testament, Vol. 3: Babel",9,1
17785960,Thanos: Redemption,9,1
2581491,House of Scorpio,9,1
1081951,The Saving Graces,9,1
13026499,"Reckoning (Strange Angels, #5)",9,1
18652158,"Beautifully Awake (Beautifully Awake, #1)",9,1
20889673,"Janet (Alpha, #4)",9,1
23018699,Bears Don't Read!,9,1
17213983,"Bear With Me (Halle Shifters, #2.5)",9,1
17900058,"The Secret Heir of Sunset Ranch (The Slades of Sunset Ranch, #3)",9,1
19226626,Doctor Who: A Handful of Stardust,9,1
23498773,The Redemption (Hard to Resist #3),9,1
20627171,"曇天に笑う 6 [Donten ni Warau 6] (Laughing in a Cloudy Sky, #6)",9,1
1024896,The Forever Machine,9,1
1104923,Diary of Indignities,9,1
1259263,"Intrigue at the Grand Opera (Nancy Drew, #171)",9,1
6004307,"Capture (Butch Karp, #21)",9,1
21454400,Awake and Alive (Only Love #1.5),9,1
11300082,"Mine to Possess (Psy-Changeling, #4)",9,1
1853934,X-Men: Blinded By the Light,9,1
1438069,The Chimney Sweep (Classics Illustrated Junior ),9,1
1533903,Crazy Like A Fox  (Louisiana),9,1
18692476,The Octopuppy,9,1
19264934,Amáne of Teravinea: The Chosen One (Teravinea #1),8,1
11734963,No Go Sleep!,8,1
18960533,Scooby-Doo Team-Up #1,8,1
13595657,Weird!,8,1
1334067,"When Last I Died (Mrs. Bradley, #13)",8,1
20932875,Nymph-O-Maniacs,8,1
2098345,"My Lady Pirate (Heros of the Sea, #3)",8,1
1011844,Latin American Folktales: Stories from Hispanic and Indian Traditions,8,1
20577620,The Heart of a Duke,8,1
13181547,"Sex, Lies and Surveillance (DeMarco Investigations, #1)",8,1
22530057,"Fire Storm (Guardian Witch, #5)",8,1
13514250,"A Lascivious Lady (Wedded Women Quartet, #3)",8,1
1018862,"For Liberty and Glory: Washington, Lafayette, and Their Revolutions",8,1
17258549,"One Breath One Bullet (The Borders War, #1)",8,1
12716953,"1/2王子 1: 傳說的開始 (1/2王子, #1)",8,1
10479415,Maximum Security,8,1
17822701,Mr. Darcy Came to Dinner,8,1
22929653,Seventh Grave and No Body,8,1
22246010,The Best Place to Be Today: 365 Things to Do & the Perfect Day to Do Them,8,1
20748394,"Don't Know Jack (Cape High, #4)",8,1
11737322,When Dads Don't Grow Up,8,1
18885324,Pole Star,8,1
272251,Man From Half Moon Bay,8,1
22756167,Gravitational Force,8,1
18628640,52 Life-Changing Questions from the Book of Mormon,8,1
1808373,Mad Mesa (Doc Savage #66),8,1
25663910,My Best Friend's Stepfather,8,1
25246636,"A Cowboy Under the Mistletoe (Thunder Mountain Brotherhood, #4)",8,1
10198598,A Month of Sundays,8,1
18837880,Dangerous,8,1
13707455,No Fault of His Own,8,1
15767218,"Strong Temptation (The Strong Cowboys of Wilde, Nevada #6)",8,1
15738277,Wolf (The Exiled #2),8,1
18077249,"Some like It Spicy (A Perfect Recipe, #1)",8,1
18046554,"Desolator (Stellar Conquest, #2)",8,1
23258114,"Dark Skye (Immortals After Dark, #15)",7,1
20419986,"Pony (Guards of Folsom, #3)",7,1
15803327,"Remember Me, Cowboy",7,1
28268880,"Sealed with a Hiss (Supernatural Enforcers Agency, #4)",7,1
7936287,Tacky's Christmas,7,1
30312810,Mouse and Hippo,7,1
1442055,Biscuit's Day at the Farm,7,1
25380371,"Fairy Tail, Vol. 51 (Fairy Tail, #51)",7,1
10364765,"Primal (Includes: Breeds, #23; Nightshade, #1.5)",7,1
19486323,Who Was Nelson Mandela?,7,1
2625110,The Wedding-Night Affair - Selingkuh Di Malam Pengantin,7,1
1833235,"The Maze (FBI Thriller, #2)",7,1
22892037,Carniepunk: A Duet with Darkness (Abby Sinclair #0.5),7,1
1060965,"Magician's Ward (Mairelon, #2)",7,1
19098990,"The Sun Wolf and Starhawk Series: The Ladies of Mandrigyn, The Witches of Wenshar, and The Dark Hand of Magic",7,1
1214730,Circle of Three,7,1
22319933,"Taming the Country Star (Hometown Heroes, #1)",7,1
1297690,"Double Jeopardy (Sweet Valley High Super Thriller, #1)",7,1
25463764,"Slow Ride (Bedlam Butchers MC, #6)",7,1
23237159,Science and Fiction,7,1
20700123,Striker (The Valespian Pact #2),7,1
1859352,Crown 02,7,1
17262191,Toy Time!: From Hula Hoops to He-Man to Hungry Hungry Hippos: A Look Back at the Most- Beloved Toys of Decades Past,7,1
11374778,"Immortal in Death (In Death, #3)",7,1
16050279,Rescuing Lacey,7,1
11507127,Splat the Cat and the Duck with No Quack,7,1
28014935,Medical School for Everyone: Emergency Medicine,6,1
18979677,City of Jasmine,6,1
12631122,"Bewitching (Kendra Chronicles, #2)",6,1
24959540,"Called by the Bear, Part 4",6,1
1268346,Moment to Moment,6,1
413068,Just Josefina,6,1
34910709,"Invincible, Vol. 24: The End of All Things, Part One",6,1
358850,Complete Future Shocks,6,1
17406201,"The Doctor and the Bad Boy (Ellery Mountain, #4)",6,1
26113519,Tamed By The Outlaw (What Happens in Vegas #6),6,1
12275209,Quiet Erp,6,1
21955330,"Mastered by His Touch (Mastered by His Touch, #1)",6,1
13405505,"Her Cowboy Triple Team (Ride 'em Hard, #4)",6,1
261281,The Middle-aged Man on the Flying Trapeze,6,1
1041535,The Woman He Loved,6,1
25388994,The Demon's Game (The Guardian #4),6,1
18342300,"What a Woman Wants (Manley Maids, #1)",6,1
17255671,The Memory Coder,6,1
1120866,"Crystal Line (Crystal Singer, #3)",5,1
13116666,Angel's Devil,5,1
26107823,Some Reservations (Shifters and Partners #6),5,1
20931146,"Vanished (Edgars Family, #4)",5,1
28627294,A Taste of You,5,1
13513654,Scholar (Imager Portfolio #4),5,1
20362098,"Sex, Wolves and Rock 'n Roll (Lyric Hounds #3)",5,1
16145642,Revenge Wears Prada,5,1
30227898,The Legendary Miss Lena Horne,5,1
17367509,Bang,5,1
17617844,"Ellena (Orchidea: Love on the Bayou, #4)",5,1
17261135,Elephant's Story,5,1
1103972,Body and Soul,4,1
11518752,Cherries on Top,4,1
12839971,Heartbreaker,4,1
14472504,"Jennifer Blood, Volume Two: Beautiful People",4,1
24267656,"Betting It All (Hellfire Riders MC, #4)",4,1
13172343,"Delsyn's Blues (Vasquez & James, #2)",4,1
25905660,Injustice: Gods Among Us: Year Four (2015-) #11,4,1
14820809,Pug: And Other Animal Poems,4,1
16241873,Call Me Oklahoma!,4,1
1189939,Queen Zixi of Ix: or the Story of the Magic Cloak,4,1
23311491,Get Off,4,1
26091382,Dancing Around The Cop (Alpha and Omega #2),4,1
22819270,Window,4,1
598890,"Daredevil Legends, Vol. 4: Typhoid Mary",4,1
106332,Law and Chaos,4,1
13167772,B Is for Brooklyn,4,1
13195497,Split! Splat!,4,1
18076434,"Shadows in the Night (Leap of Faith, #1)",4,1
15854631,History's Strongest Disciple Kenichi Volume 23,3,1
1863357,Heartsick (Gretchen Lowell #1),3,1
13407257,Jo MacDonald Had a Garden,3,1
18214572,Archangel's Legion (Guild Hunter #6),3,1
15854691,History's Strongest Disciple Kenichi Volume 37,3,1
15944405,Thrice Told Tales: Three Mice Full of Writing Advice,3,1
17793283,"Deeper (The Underground, #3)",3,1
6892372,Come to the Fairies' Ball,3,1
18735187,King Merek and the Mechanic (Royal Mates: Love's Diamond #1),3,1
17155532,Revolution (Southwestern Shifters #7),3,1
2091370,Santa's Eleven Months Off,2,1
13574404,Selling It,2,1
20344544,Not Just a Dot,2,1
10200790,Stroke to His Cox,2,1
1038833,The Little Crooked House,2,1
16190334,A Marked Man: The Assassination of Malcolm X,2,1
2098575,"The Viking (Viking, #1)",2,1
19352778,Lucky,2,1
13356202,Pluto Visits Earth!,2,1
15707418,By the Balls (Balls to the Wall #5),2,1
21813242,Pirates Aren't Afraid of the Dark!,1,1
1659014,Spot Can Count (Color): First Edition,1,1
11819222,The Vole Brothers,1,1
1622649,I Don't Like to Read,1,1
21950623,Somebody's Been a Bad Little Wolf (Wayne County Wolves #12),0,1
23719431,My Two Blankets,0,1
25241342,How to Mend a Heart,0,1
22747862,"Count with Maisy, Cheep, Cheep, Cheep!",0,1
